schedule_season,team_home,off_rate,def_rate,overall_rate,sched_strength,first_downs,first_downs_from_penalties,fumbles,interceptions,margin_of_victory,pass_attempts,pass_completions,pass_first_downs,pass_touchdowns,pass_yards,penalties,plays,points_against,points_contributed_by_offense,points_difference,points_for,rank,rush_attempts,rush_first_downs,rush_touchdowns,rush_yards,turnovers,yards,yards_from_penalties,yards_per_play
2002,KAN,8.4,-2.3,6.1,1.9,343,24,2,13,4.3,477,292,179,27,3622,75,965,399,145.45,68,467,1,462,140,26,2378,15,6000,700,6.2
2002,RAI,6.3,4.3,10.6,1.5,366,27,9,10,9.1,619,418,226,26,4475,129,1069,304,123.35,146,450,2,414,113,21,1762,19,6237,1094,5.8
2002,NOR,5.8,-3.3,2.4,-0.3,291,31,15,15,2.8,538,291,169,27,3441,119,1001,388,-77.44,44,432,3,426,91,16,1764,30,5205,911,5.2
2002,PHI,4.5,3.8,8.3,-2.6,311,23,13,11,10.9,548,318,164,27,3384,111,1073,241,-15.34,174,415,4,489,124,15,2220,24,5604,897,5.2
2002,ATL,3.5,1.5,5.1,-0.4,316,30,15,12,5.5,479,268,163,18,3167,105,1038,314,38.4,88,402,5,523,123,23,2368,27,5535,931,5.3
2002,GNB,2.4,1.2,3.6,-0.8,318,27,12,16,4.4,580,361,197,29,3627,108,1058,328,-6.25,70,398,6,451,94,12,1933,28,5560,913,5.3
2002,DEN,3.0,1.9,4.9,1.9,357,33,7,20,3.0,554,359,199,21,3824,104,1057,344,42.47,48,392,7,457,125,21,2266,27,6090,877,5.8
2002,PIT,3.1,-0.4,2.7,-0.1,343,24,14,22,2.8,551,350,200,26,3832,90,1097,345,1.38,45,390,8,512,119,15,2120,36,5952,712,5.4
2002,MIN,3.1,-6.1,-3.0,0.2,350,20,18,23,-3.3,558,337,191,19,3685,137,1080,442,66.42,-52,390,9,473,139,26,2507,41,6192,1139,5.7
2002,NWE,2.1,1.9,4.0,1.8,304,21,10,14,2.2,605,374,184,28,3577,108,1031,346,-32.13,35,381,10,395,99,9,1508,24,5085,895,4.9
2002,BUF,2.1,-2.3,-0.3,0.9,355,47,16,15,-1.1,612,377,218,24,3995,112,1054,397,8.45,-18,379,11,388,90,17,1596,31,5591,1031,5.3
2002,MIA,1.7,4.4,6.1,1.2,318,24,15,15,4.8,455,271,155,18,2890,103,1010,301,-18.71,77,378,12,530,139,24,2502,30,5392,859,5.3
2002,SFO,0.7,-0.1,0.6,-0.4,342,19,7,10,1.0,571,354,182,23,3457,87,1082,351,66.68,16,367,13,489,141,16,2244,17,5701,725,5.3
2002,OTI,1.6,0.1,1.8,-0.9,312,18,10,15,2.7,500,306,182,22,3320,112,1032,324,9.52,43,367,14,511,112,16,1952,25,5272,891,5.1
2002,NYJ,0.9,2.3,3.2,1.7,300,24,9,10,1.4,485,329,190,25,3418,79,917,336,34.42,23,359,15,400,86,12,1618,19,5036,685,5.5
2002,SEA,0.0,-1.2,-1.3,-0.4,347,35,12,16,-0.9,587,361,208,19,4078,100,1050,369,28.89,-14,355,16,430,104,17,1740,28,5818,792,5.5
2002,CLT,0.4,0.7,1.2,-1.1,324,18,13,19,2.3,591,392,213,27,4055,91,1048,313,-4.6,36,349,17,434,93,12,1561,32,5616,730,5.4
2002,TAM,-1.0,9.8,8.8,-0.6,287,25,11,10,9.4,567,348,172,23,3445,103,1022,196,-43.76,150,346,18,414,90,6,1557,21,5002,789,4.9
2002,CLE,-0.4,1.7,1.2,-0.3,279,31,9,22,1.5,552,338,171,27,3412,107,993,320,-34.95,24,344,19,406,77,10,1615,31,5027,845,5.1
2002,SDG,-1.0,0.2,-0.7,1.4,313,30,8,16,-2.1,538,324,166,17,3188,100,1028,367,4.14,-34,333,20,466,117,19,2137,24,5325,805,5.2
2002,JAX,-1.3,1.1,-0.2,-1.0,275,14,6,9,0.8,462,268,156,18,2762,89,959,315,0.42,13,328,21,455,105,19,2089,15,4851,685,5.1
2002,NYG,-2.2,3.0,0.8,-1.7,323,33,13,14,2.6,549,338,195,19,3951,113,1059,279,3.07,41,320,22,486,95,14,1875,27,5826,955,5.5
2002,RAV,-1.5,-0.6,-2.1,0.3,261,26,18,14,-2.4,479,262,145,20,2847,101,947,354,-74.46,-38,316,23,427,90,9,1792,32,4639,846,4.9
2002,RAM,-1.6,-1.8,-3.3,0.0,315,20,18,27,-3.3,635,408,219,24,4154,120,1024,369,-83.04,-53,316,24,343,76,11,1405,45,5559,919,5.4
2002,WAS,-2.2,-2.2,-4.5,-0.8,303,31,20,20,-3.6,559,300,165,24,3254,116,1039,365,-73.72,-58,307,25,442,107,10,1889,40,5143,968,4.9
2002,DET,-2.5,-6.7,-9.2,-0.1,242,23,6,25,-9.1,577,277,150,19,2994,104,955,451,-123.66,-145,306,26,358,69,9,1477,31,4471,916,4.7
2002,CHI,-4.4,-0.9,-5.3,0.9,260,25,17,18,-6.1,543,310,156,22,3051,95,969,379,-162.12,-98,281,27,382,79,8,1344,35,4395,864,4.5
2002,CIN,-3.6,-6.9,-10.5,0.6,315,24,13,22,-11.1,591,350,186,17,3476,99,1054,456,-71.35,-177,279,28,426,105,13,1730,35,5206,884,4.9
2002,CRD,-5.4,-4.5,-9.9,-0.2,274,32,13,22,-9.7,548,291,148,18,2740,76,1003,417,-107.7,-155,262,29,414,94,10,1823,35,4563,617,4.5
2002,CAR,-6.0,2.8,-3.3,-0.5,238,23,18,22,-2.8,464,255,133,15,2694,94,960,302,-165.57,-44,258,30,452,82,11,1586,40,4280,785,4.5
2002,DAL,-8.2,-0.3,-8.5,-1.5,237,21,18,16,-7.0,471,252,129,14,2621,105,948,329,-183.74,-112,217,31,423,87,7,1754,34,4375,974,4.6
2002,HTX,-8.4,-1.1,-9.4,-0.5,208,30,14,15,-8.9,447,235,119,11,2225,136,947,356,-228.99,-143,213,32,424,59,6,1347,29,3572,1011,3.8
2003,KAN,9.2,-0.9,8.3,-1.2,348,27,6,12,9.5,536,339,201,24,3981,79,1003,332,36.78,152,484,1,446,120,32,1929,18,5910,698,5.9
2003,RAM,6.0,-0.2,5.9,-1.6,335,27,16,23,7.4,600,377,211,23,3961,92,1054,328,-159.0,119,447,2,411,97,19,1496,39,5457,667,5.2
2003,CLT,8.2,-1.2,7.0,0.0,348,32,10,10,6.9,569,381,212,29,4179,92,1041,336,-13.96,111,447,3,453,104,16,1695,20,5874,662,5.6
2003,GNB,6.2,1.9,8.1,-0.3,315,22,11,21,8.4,473,310,166,32,3240,88,999,307,-49.49,135,442,4,507,127,18,2558,32,5798,699,5.8
2003,OTI,7.0,-0.5,6.5,-0.5,310,15,12,9,6.9,502,315,211,30,3878,110,1013,324,-103.79,111,435,5,486,84,11,1623,21,5501,887,5.4
2003,MIN,4.0,-1.1,2.9,-1.0,336,18,11,13,3.9,520,333,194,32,3951,127,1055,353,8.32,63,416,6,493,124,15,2343,24,6294,1029,6.0
2003,SEA,3.6,0.5,4.1,-0.7,338,27,13,16,4.8,521,317,190,27,3618,91,1017,327,-37.4,77,404,7,453,121,17,2009,29,5627,777,5.5
2003,RAV,3.3,3.0,6.3,-0.6,259,23,19,19,6.9,415,217,121,16,2255,126,1009,281,-220.5,110,391,8,552,115,18,2674,38,4929,970,4.9
2003,SFO,3.0,0.1,3.1,0.1,313,23,10,15,2.9,511,299,172,25,3408,104,1038,337,-56.95,47,384,9,499,118,16,2279,25,5687,807,5.5
2003,DEN,2.4,3.1,5.5,0.5,334,39,6,18,5.0,479,280,162,19,2969,107,1047,301,-127.67,80,381,10,543,133,20,2629,24,5598,922,5.3
2003,PHI,2.9,1.5,4.4,-1.0,302,41,11,11,5.4,484,279,156,17,3020,96,944,287,-80.82,87,374,11,417,105,23,2015,22,5035,817,5.3
2003,NWE,2.1,4.9,6.9,0.1,294,26,11,13,6.9,537,320,177,23,3432,111,1042,238,-136.51,110,348,12,473,91,9,1607,24,5039,998,4.8
2003,CIN,1.1,-3.5,-2.4,0.0,313,31,7,15,-2.4,520,324,181,26,3342,107,1038,384,-78.22,-38,346,13,481,101,12,1987,22,5329,846,5.1
2003,NOR,0.1,-0.4,-0.3,-1.1,302,25,20,8,0.9,535,314,177,25,3438,103,1019,326,-109.71,14,340,14,448,100,11,2000,28,5438,878,5.3
2003,CAR,-1.5,0.6,-0.9,-2.2,284,24,15,16,1.3,460,270,146,19,3050,116,1008,304,-149.93,21,325,15,522,114,9,2091,31,5141,966,5.1
2003,SDG,-0.6,-6.2,-6.8,1.2,290,27,12,19,-8.0,525,297,146,21,3021,126,971,441,-126.67,-128,313,16,417,117,16,2146,31,5167,1016,5.3
2003,MIA,-0.7,4.1,3.4,0.3,266,22,15,19,3.1,450,257,145,17,2792,103,968,261,-177.92,50,311,17,487,99,14,1817,34,4609,913,4.8
2003,TAM,-2.9,4.5,1.6,-0.7,307,31,9,22,2.3,592,369,190,27,3805,117,1036,264,-214.9,37,301,18,421,86,5,1648,31,5453,1104,5.3
2003,PIT,-2.5,1.4,-1.1,0.6,275,24,11,17,-1.7,532,306,174,19,3304,111,1020,327,-166.93,-27,300,19,446,77,10,1488,28,4792,1005,4.7
2003,ATL,-2.0,-5.4,-7.4,0.3,252,26,10,21,-7.7,460,230,127,14,2408,90,930,422,-190.61,-123,299,20,435,99,17,1949,31,4357,790,4.7
2003,DAL,-3.2,2.7,-0.5,-2.3,286,22,8,21,1.8,510,294,149,17,3162,98,1062,260,-251.47,29,289,21,515,115,11,1999,29,5161,837,4.9
2003,WAS,-1.9,-3.8,-5.7,-0.4,272,21,12,16,-5.3,527,283,156,21,3006,124,991,372,-182.25,-85,287,22,421,95,8,1653,28,4659,1038,4.7
2003,NYJ,-1.9,1.3,-0.6,0.4,274,15,6,14,-1.0,496,312,181,20,3316,69,936,299,-107.89,-16,283,23,409,78,8,1635,20,4951,550,5.3
2003,CHI,-4.2,0.7,-3.5,0.4,264,17,9,20,-3.9,515,271,143,12,2617,92,1001,346,-215.02,-63,283,24,443,104,13,1763,29,4380,806,4.4
2003,JAX,-3.3,0.9,-2.4,1.0,305,24,14,17,-3.4,515,303,163,17,3285,108,1024,331,-132.3,-55,276,25,481,118,13,2073,31,5358,895,5.2
2003,RAI,-4.2,-1.3,-5.5,1.3,258,20,12,14,-6.8,521,278,140,9,2751,134,987,379,-190.11,-109,270,26,423,98,15,1822,26,4573,1120,4.6
2003,DET,-4.3,-1.6,-5.8,1.0,250,29,4,24,-6.8,588,319,152,17,2924,107,975,379,-212.29,-109,270,27,376,69,5,1338,28,4262,859,4.4
2003,HTX,-4.4,-1.5,-6.0,1.9,237,24,9,18,-7.8,439,248,127,14,2655,121,896,380,-200.45,-125,255,28,421,86,14,1651,27,4306,961,4.8
2003,CLE,-5.3,2.4,-2.9,1.3,276,32,15,18,-4.3,509,313,153,17,2834,98,961,322,-191.88,-68,254,29,412,91,8,1670,33,4504,767,4.7
2003,NYG,-4.8,-3.7,-8.6,0.4,300,26,18,20,-9.0,616,344,184,16,3383,127,1047,387,-225.77,-144,243,30,387,90,6,1559,38,4942,1090,4.7
2003,BUF,-5.0,4.0,-1.0,1.3,268,22,17,17,-2.3,502,293,150,11,2684,106,980,279,-230.07,-36,243,31,427,96,13,1664,34,4348,891,4.4
2003,CRD,-6.3,-6.2,-12.6,1.6,256,29,14,22,-14.2,534,303,147,18,2959,98,981,452,-250.75,-227,225,32,403,80,5,1531,36,4490,761,4.6
2004,CLT,11.7,-0.3,11.4,0.7,379,47,7,10,10.7,527,353,238,51,4623,106,968,351,113.82,171,522,1,427,94,10,1852,17,6475,801,6.7
2004,KAN,10.0,-4.7,5.3,2.3,398,32,10,17,3.0,561,370,228,27,4406,117,1089,435,66.99,48,483,2,496,138,31,2289,27,6695,963,6.1
2004,SDG,6.1,3.0,9.1,0.8,328,37,10,8,8.3,450,288,160,29,3357,108,996,313,-7.11,133,446,3,525,131,24,2185,18,5542,875,5.6
2004,NWE,6.4,6.5,12.8,1.8,344,31,13,14,11.1,485,293,193,29,3588,101,1035,260,22.2,177,437,4,524,120,15,2134,27,5722,822,5.5
2004,GNB,4.3,-4.0,0.3,-2.4,354,28,10,19,2.8,598,382,228,36,4449,116,1053,380,10.72,44,424,5,441,98,9,1908,29,6357,950,6.0
2004,MIN,3.0,-4.7,-1.7,-2.3,351,28,9,12,0.6,552,380,225,39,4516,117,985,395,65.96,10,405,6,387,98,8,1823,21,6339,884,6.4
2004,BUF,4.6,3.5,8.1,1.1,271,20,12,17,6.9,461,262,149,21,2817,121,982,284,-194.58,111,395,7,483,102,15,1874,29,4691,1047,4.8
2004,PHI,2.0,3.5,5.6,-2.3,301,26,11,11,7.9,547,336,188,32,3979,124,960,260,-11.51,126,386,8,376,87,10,1639,22,5618,952,5.9
2004,DEN,1.6,4.3,5.9,1.0,351,40,9,20,4.8,521,303,184,27,3999,93,1070,304,-58.67,77,381,9,534,127,13,2333,29,6332,880,5.9
2004,CIN,4.3,-1.6,2.7,2.5,286,21,10,22,0.1,536,324,172,23,3301,103,1004,372,-143.68,2,374,10,437,93,14,1839,32,5140,810,5.1
2004,PIT,3.4,5.6,9.0,1.4,309,28,8,13,7.6,358,228,147,20,2720,99,1012,251,-95.61,121,372,11,618,134,16,2464,21,5184,835,5.1
2004,SEA,0.4,-3.3,-2.9,-2.8,320,21,9,18,-0.1,532,304,189,23,3539,79,1034,373,-65.26,-2,371,12,468,110,17,2095,27,5634,669,5.4
2004,CAR,-0.8,0.1,-0.7,-1.7,308,31,11,15,1.0,536,311,192,29,3643,123,991,339,-80.29,16,355,13,422,85,10,1582,26,5225,1020,5.3
2004,NOR,-1.2,-4.3,-5.6,-2.0,291,32,10,16,-3.6,542,309,177,21,3587,129,989,405,-174.82,-57,348,14,406,82,15,1606,26,5193,1141,5.3
2004,OTI,0.3,-4.6,-4.4,1.5,308,23,12,19,-5.9,589,356,200,27,3616,110,1053,439,-108.2,-95,344,15,420,85,12,1871,31,5487,923,5.2
2004,ATL,-1.8,-0.4,-2.2,-2.4,284,31,14,16,0.2,395,217,120,15,2412,109,969,337,-108.92,3,340,16,524,133,20,2672,30,5084,905,5.2
2004,NYJ,0.5,6.0,6.6,2.1,313,15,5,11,4.5,438,282,163,19,3050,91,996,261,-51.69,72,333,17,527,135,15,2388,16,5438,693,5.5
2004,RAI,-0.6,-3.7,-4.3,3.4,275,24,13,22,-7.6,582,330,176,24,3858,134,939,442,-132.26,-122,320,18,327,75,10,1295,35,5153,1013,5.5
2004,RAM,-2.2,-3.8,-6.0,-1.4,321,22,17,22,-4.6,580,372,203,23,4253,127,1011,392,-93.92,-73,319,19,381,96,11,1624,39,5877,993,5.8
2004,RAV,-0.6,6.8,6.1,3.1,260,22,12,11,3.1,465,258,135,13,2312,94,991,268,-199.99,49,317,20,491,103,11,2063,23,4375,894,4.4
2004,HTX,-2.4,1.8,-0.6,1.2,300,23,11,14,-1.9,471,286,174,16,3246,106,1001,339,-97.09,-30,309,21,481,103,16,1882,25,5128,928,5.1
2004,NYG,-2.3,-1.6,-3.9,-1.2,281,33,11,13,-2.8,475,269,143,12,2818,118,951,347,-211.66,-44,303,22,424,105,18,1904,24,4722,977,5.0
2004,TAM,-4.0,1.3,-2.7,-2.5,271,22,18,18,-0.2,512,340,175,24,3474,117,949,304,-201.99,-3,301,23,393,74,9,1489,36,4963,916,5.2
2004,DET,-3.8,-1.4,-5.2,-1.8,263,29,7,13,-3.4,505,285,142,19,2916,121,949,350,-132.39,-54,296,24,407,92,7,1777,20,4693,1000,4.9
2004,DAL,-3.0,-4.8,-7.8,-0.8,296,24,14,23,-7.0,519,308,171,19,3428,105,1004,405,-152.34,-112,293,25,449,101,14,1769,37,5197,867,5.2
2004,CRD,-5.1,0.2,-4.9,-2.5,280,42,11,18,-2.4,533,299,152,14,2882,124,1047,322,-202.74,-38,284,26,475,86,15,1668,29,4550,948,4.3
2004,CLE,-1.5,-1.9,-3.4,3.7,245,26,19,21,-7.1,439,251,125,21,2824,115,921,390,-244.59,-114,276,27,441,94,6,1657,40,4481,854,4.9
2004,MIA,-2.7,0.5,-2.2,2.7,267,31,16,26,-4.9,586,309,165,19,3065,112,1022,354,-258.56,-79,275,28,384,71,10,1339,42,4404,852,4.3
2004,JAX,-5.7,6.4,0.8,1.9,279,30,11,11,-1.2,513,305,161,17,3159,109,991,280,-135.64,-19,261,29,446,88,9,1850,22,5009,940,5.1
2004,SFO,-5.1,-8.6,-13.6,-1.6,280,25,19,21,-12.1,561,325,172,16,3136,103,1026,452,-234.6,-193,259,30,413,83,10,1449,40,4585,859,4.5
2004,WAS,-7.4,4.0,-3.4,-1.8,269,22,10,17,-1.6,514,288,156,18,2632,115,1023,265,-213.72,-25,240,31,471,91,6,1765,27,4397,1047,4.3
2004,CHI,-8.5,0.3,-8.2,-2.0,230,25,21,16,-6.3,471,249,121,9,2192,124,967,331,-332.82,-100,231,32,430,84,10,1624,37,3816,956,3.9
2005,SEA,5.8,3.4,9.1,-2.2,361,27,7,10,11.3,474,307,192,25,3458,94,1020,271,48.65,181,452,1,519,142,29,2457,17,5915,846,5.8
2005,CLT,5.6,5.2,10.8,-1.2,363,30,8,11,12.0,515,347,217,31,4096,94,1000,247,77.86,192,439,2,465,116,18,1703,19,5799,690,5.8
2005,NYG,5.8,1.7,7.5,0.7,312,34,8,17,6.8,558,294,172,24,3578,143,1055,314,-92.84,108,422,3,469,106,17,2209,25,5787,1115,5.5
2005,CIN,6.5,-2.7,3.8,-0.6,342,30,6,14,4.4,538,362,203,32,3820,110,1018,350,-62.24,71,421,4,459,109,15,1910,20,5730,920,5.6
2005,SDG,7.1,2.9,9.9,3.3,337,30,12,16,6.6,526,338,191,27,3495,110,1022,312,-38.32,106,418,5,465,116,22,2072,28,5567,890,5.4
2005,KAN,5.1,1.9,7.0,2.1,347,27,13,10,4.9,507,317,182,17,3810,115,1059,325,-15.0,78,403,6,520,138,26,2382,23,6192,890,5.8
2005,DEN,5.0,5.8,10.8,2.2,330,23,9,7,8.6,465,279,162,18,3227,97,1030,258,-52.48,137,395,7,542,145,25,2539,16,5766,756,5.6
2005,CAR,3.0,2.1,5.1,-3.2,278,39,10,16,8.3,449,269,157,25,3271,91,964,259,-104.34,132,391,8,487,82,17,1679,26,4950,732,5.1
2005,PIT,3.8,4.0,7.8,-0.4,297,33,9,14,8.2,379,228,144,21,2926,99,960,258,-59.51,131,389,9,549,120,21,2223,23,5149,876,5.4
2005,NWE,3.7,-0.5,3.1,0.6,334,29,9,15,2.6,564,352,204,28,4120,110,1031,338,-89.97,41,379,10,439,101,16,1512,24,5632,921,5.5
2005,RAM,1.3,-6.4,-5.1,-1.0,314,23,13,24,-4.1,599,392,209,23,4036,131,1025,429,-103.69,-66,363,11,380,82,13,1535,37,5571,941,5.4
2005,JAX,1.1,3.7,4.8,-1.0,301,34,11,6,5.8,487,283,170,21,3190,121,1021,269,-117.95,92,361,12,502,97,18,1959,17,5149,1006,5.0
2005,WAS,2.6,3.4,6.0,1.9,301,21,16,11,4.1,481,278,166,25,3106,108,1037,293,-118.86,66,359,13,525,114,15,2183,27,5289,925,5.1
2005,ATL,1.1,-2.3,-1.2,-1.9,313,25,16,13,0.6,451,247,149,19,2679,114,1021,341,-80.52,10,351,14,531,139,17,2546,29,5225,1043,5.1
2005,DAL,-0.1,3.2,3.2,2.1,318,44,14,17,1.1,500,300,177,23,3341,99,1071,308,-158.41,17,325,15,521,97,13,1861,31,5202,739,4.9
2005,MIA,-1.1,0.3,-0.8,-0.8,274,22,14,16,0.1,556,291,159,22,3300,132,1026,317,-163.29,1,318,16,444,93,11,1898,30,5198,1055,5.1
2005,CRD,-2.0,-3.0,-5.0,-0.2,304,22,16,21,-4.8,670,419,224,21,4437,145,1075,387,-175.55,-76,311,17,360,58,2,1138,37,5575,1184,5.2
2005,PHI,-0.7,-1.7,-2.3,2.6,282,27,14,20,-4.9,620,337,182,21,3677,134,1027,388,-175.2,-78,310,18,365,73,11,1432,34,5109,1130,5.0
2005,MIN,-1.4,-2.1,-3.5,-1.1,285,33,14,16,-2.4,510,323,169,18,3146,128,945,344,-177.98,-38,306,19,381,83,10,1467,30,4613,1013,4.9
2005,TAM,-2.8,1.8,-1.0,-2.6,268,24,9,14,1.6,487,303,161,17,2890,131,985,274,-198.56,26,300,20,457,83,13,1826,23,4716,1085,4.8
2005,OTI,-2.0,-5.5,-7.6,0.1,279,16,12,14,-7.6,594,358,191,20,3597,125,1022,421,-242.78,-122,299,21,397,72,8,1525,26,5122,1002,5.0
2005,GNB,-1.5,-2.2,-3.7,-0.8,318,36,15,30,-2.9,626,383,206,20,3766,119,1051,344,-157.53,-46,298,22,398,76,11,1352,45,5118,918,4.9
2005,RAI,-1.2,-1.6,-2.8,3.0,294,25,9,14,-5.8,591,316,189,21,3582,147,997,383,-147.25,-93,290,23,361,80,11,1369,23,4951,1132,5.0
2005,BUF,-4.0,-1.8,-5.8,0.2,259,34,10,16,-6.0,459,269,129,18,2515,120,930,367,-230.91,-96,271,24,428,96,6,1607,26,4122,897,4.4
2005,RAV,-3.5,1.7,-1.8,0.3,286,26,15,21,-2.1,562,335,163,17,3088,139,1056,299,-237.85,-34,265,25,452,97,5,1605,36,4693,1067,4.4
2005,HTX,-4.4,-5.7,-10.0,0.7,243,12,11,13,-10.7,449,270,142,15,2237,106,954,431,-206.24,-171,260,26,437,89,9,1816,24,4053,854,4.2
2005,CHI,-5.2,6.6,1.4,-2.2,233,23,13,15,3.6,418,219,111,11,2002,105,937,202,-257.69,58,260,27,488,99,11,2099,28,4101,850,4.4
2005,DET,-4.3,-2.4,-6.7,-1.0,258,38,12,18,-5.7,520,297,151,15,2848,115,955,345,-187.33,-91,254,28,404,69,10,1471,30,4319,838,4.5
2005,NYJ,-5.2,-1.2,-6.4,0.8,251,31,19,15,-7.2,470,268,146,11,2642,98,907,355,-185.24,-115,240,29,384,74,10,1328,34,3970,801,4.4
2005,SFO,-5.6,-5.5,-11.1,0.7,191,25,14,21,-11.8,389,204,96,8,1898,106,865,428,-278.06,-189,239,30,428,70,9,1689,35,3587,780,4.1
2005,NOR,-6.2,-4.9,-11.1,-0.9,312,41,19,24,-10.2,553,308,182,15,3343,135,1017,398,-199.14,-163,235,31,423,89,8,1688,43,5031,1130,4.9
2005,CLE,-6.0,1.7,-4.2,0.1,241,16,13,17,-4.3,497,297,149,15,3047,99,938,301,-234.39,-69,232,32,395,76,4,1503,30,4550,770,4.9
2006,SDG,10.0,0.2,10.2,-1.6,321,15,6,9,11.8,466,287,169,24,3262,90,1016,303,-0.85,189,492,1,522,137,32,2578,15,5840,791,5.7
2006,CHI,4.9,3.0,7.9,-2.9,300,36,14,22,10.8,514,282,161,24,3281,112,1042,255,-133.82,172,427,2,503,103,14,1918,36,5199,923,5.0
2006,CLT,6.9,-1.1,5.9,1.7,376,23,10,9,4.2,557,362,241,31,4308,86,1011,360,26.73,67,427,3,439,112,17,1762,19,6070,718,6.0
2006,DAL,5.0,-1.3,3.7,-1.0,336,32,9,21,4.7,506,310,197,26,3836,100,1015,350,-35.15,75,425,4,472,107,21,1936,30,5772,939,5.7
2006,NOR,4.9,-0.9,4.0,-1.6,330,24,10,13,5.7,580,372,207,27,4503,79,1075,322,-100.41,91,413,5,472,99,19,1761,23,6264,597,5.8
2006,PHI,3.2,0.2,3.4,-1.0,312,17,15,9,4.4,544,323,189,31,4119,112,988,328,-32.03,70,398,6,416,106,13,1984,24,6103,983,6.2
2006,NWE,4.3,5.9,10.2,1.0,330,28,15,12,9.3,527,326,181,25,3400,98,1055,237,-76.38,148,385,7,499,121,20,1969,27,5369,940,5.1
2006,CIN,4.0,0.0,4.1,1.5,313,25,11,13,2.6,523,327,200,28,3833,92,994,331,-89.47,42,373,8,435,88,14,1629,24,5462,717,5.5
2006,JAX,2.6,4.9,7.5,1.4,293,19,9,14,6.1,446,266,147,17,2882,97,989,274,-80.6,97,371,9,513,127,23,2541,23,5423,810,5.5
2006,RAM,0.8,-4.7,-4.0,-3.1,332,26,10,8,-0.9,592,371,212,24,3962,116,1065,381,-53.93,-14,367,10,424,94,13,1805,18,5767,960,5.4
2006,NYG,1.2,-1.1,0.1,0.5,304,21,10,18,-0.4,523,301,163,24,3058,101,1003,362,-108.77,-7,355,11,455,120,14,2156,28,5214,881,5.2
2006,RAV,1.5,7.8,9.3,-0.2,282,17,9,14,9.5,524,328,179,21,3435,109,1017,201,-170.15,152,353,12,476,86,11,1637,23,5072,878,5.0
2006,PIT,3.0,0.4,3.4,1.0,327,26,14,23,2.4,523,312,201,23,3733,69,1041,315,-76.32,38,353,13,469,100,16,1992,37,5725,611,5.5
2006,SEA,-1.7,-1.9,-3.6,-3.2,312,33,12,22,-0.4,512,292,167,26,3054,94,1045,341,-202.3,-6,335,14,484,112,8,1923,34,4977,700,4.8
2006,KAN,0.4,0.6,1.0,0.0,310,21,14,12,1.0,450,272,184,18,3000,76,1004,315,-88.56,16,331,15,513,105,17,2143,26,5143,577,5.1
2006,OTI,1.0,-2.3,-1.3,3.5,261,23,7,19,-4.8,447,226,133,13,2596,94,945,400,-168.4,-76,324,16,469,105,15,2214,26,4810,803,5.1
2006,DEN,-0.8,2.1,1.3,0.4,285,28,12,18,0.9,454,256,151,20,2799,67,973,305,-139.19,14,319,17,488,106,12,2152,30,4951,478,5.1
2006,NYJ,0.4,1.7,2.0,0.7,289,29,9,16,1.3,488,313,161,17,3153,70,1013,295,-133.92,21,316,18,491,99,15,1738,25,4891,560,4.8
2006,CRD,-2.6,-4.3,-6.9,-2.2,298,27,13,17,-4.7,545,322,187,17,3662,117,999,389,-95.61,-75,314,19,419,84,12,1338,30,5000,937,5.0
2006,WAS,-2.1,-2.0,-4.0,0.3,295,22,7,10,-4.3,470,274,150,19,3027,106,979,376,-66.51,-69,307,20,490,123,13,2216,17,5243,939,5.4
2006,DET,-1.8,-4.6,-6.4,-0.5,290,29,17,22,-5.8,596,372,208,21,3820,116,963,398,-187.39,-93,305,21,304,53,9,1129,39,4949,939,5.1
2006,GNB,-2.3,-2.1,-4.4,-0.4,301,23,15,18,-4.1,630,350,185,18,3795,90,1085,366,-185.35,-65,301,22,431,93,9,1663,33,5458,689,5.0
2006,BUF,-0.2,2.4,2.2,2.9,234,20,15,14,-0.7,431,268,132,19,2719,87,898,311,-160.68,-11,300,23,420,82,9,1552,29,4271,629,4.8
2006,SFO,-3.5,-5.2,-8.7,-1.6,243,14,16,16,-7.1,444,257,132,16,2685,93,918,412,-179.97,-114,298,24,438,97,12,2172,32,4857,818,5.3
2006,ATL,-2.8,-0.2,-3.0,-0.8,287,20,5,15,-2.3,416,222,133,21,2371,96,1000,328,-100.14,-36,292,25,537,134,9,2939,20,5310,877,5.3
2006,MIN,-3.7,-0.4,-4.1,-1.3,272,25,12,20,-2.8,540,332,160,13,3123,123,1025,327,-203.52,-45,282,26,442,87,12,1820,32,4943,903,4.8
2006,CAR,-4.2,1.5,-2.7,-0.5,278,20,10,17,-2.2,539,325,158,19,3264,103,994,305,-128.23,-35,270,27,423,100,7,1659,27,4923,744,5.0
2006,HTX,-3.2,-1.3,-4.5,1.7,282,20,12,13,-6.2,481,329,156,14,2778,90,955,366,-127.87,-99,267,28,431,106,13,1685,25,4463,761,4.7
2006,MIA,-3.3,4.0,0.7,2.1,281,19,6,19,-1.4,591,342,180,16,3287,90,1034,283,-183.26,-23,260,29,402,82,7,1673,25,4960,789,4.8
2006,CLE,-4.5,-1.3,-5.8,1.5,250,25,17,25,-7.4,512,318,153,15,2898,74,938,356,-306.41,-118,238,30,372,72,7,1335,42,4233,687,4.5
2006,TAM,-7.2,-0.8,-7.9,0.9,237,22,14,18,-8.9,535,296,133,14,2798,87,972,353,-287.73,-142,211,31,404,82,6,1523,32,4321,732,4.4
2006,RAI,-10.3,0.7,-9.6,0.6,243,26,22,24,-10.3,483,263,144,7,2420,111,949,332,-358.27,-164,168,32,394,73,5,1519,46,3939,847,4.2
2007,NWE,15.9,4.2,20.1,0.4,393,26,6,9,19.7,586,403,243,50,4731,78,1058,274,133.73,315,589,1,451,124,17,1849,15,6580,690,6.2
2007,DAL,7.8,1.7,9.5,1.3,322,22,5,19,8.1,531,342,217,36,4105,104,975,325,19.43,130,455,2,419,83,14,1746,24,5851,815,6.0
2007,CLT,6.6,5.4,12.0,0.3,357,26,5,14,11.8,551,355,212,32,4033,67,1020,262,52.46,188,450,3,446,119,19,1706,19,5739,515,5.6
2007,GNB,5.7,3.3,9.0,0.0,307,28,9,15,9.0,578,383,210,30,4334,113,985,291,-41.4,144,435,4,388,69,13,1597,24,5931,1006,6.0
2007,SDG,4.3,4.5,8.8,0.8,278,16,8,16,8.0,471,281,158,22,3005,94,980,284,-114.6,128,412,5,485,104,19,2039,24,5044,761,5.1
2007,JAX,4.8,2.0,6.8,0.1,328,21,13,8,6.7,469,288,180,28,3328,76,1022,304,-1.73,107,411,6,522,127,18,2391,21,5719,594,5.6
2007,CRD,1.9,-5.9,-3.9,-4.3,308,28,12,24,0.3,590,356,210,32,4065,137,1016,399,-176.41,5,404,7,402,70,9,1440,36,5505,1128,5.4
2007,CLE,2.2,-3.3,-1.1,-2.3,315,13,9,20,1.3,545,305,192,29,3726,114,1004,382,-120.58,20,402,8,440,110,13,1895,29,5621,868,5.6
2007,PIT,0.9,4.3,5.2,-2.5,298,11,8,14,7.8,442,282,179,34,3071,80,1000,269,-18.96,124,393,9,511,108,9,2168,22,5239,651,5.2
2007,SEA,0.8,0.9,1.8,-4.6,323,19,11,13,6.4,590,371,211,30,3964,59,1056,291,-107.06,102,393,10,430,93,9,1619,24,5583,428,5.3
2007,CIN,1.6,-4.0,-2.4,-2.1,320,26,10,20,-0.3,575,373,213,26,4012,90,1008,385,-57.26,-5,380,11,416,81,10,1556,30,5568,670,5.5
2007,HTX,2.5,-2.5,0.0,0.3,295,9,17,21,-0.3,529,346,190,24,3751,82,968,384,-86.53,-5,379,12,417,96,12,1586,38,5337,636,5.5
2007,NOR,1.9,-4.5,-2.5,-2.0,346,20,12,18,-0.6,652,440,232,28,4314,68,1060,388,-50.3,-9,379,13,392,94,14,1466,30,5780,581,5.5
2007,NYG,2.8,0.4,3.3,1.9,321,35,14,20,1.4,544,302,167,23,3154,77,1041,351,-163.79,22,373,14,469,119,15,2148,34,5302,652,5.1
2007,MIN,1.4,2.4,3.8,0.4,294,24,16,14,3.4,432,249,139,12,2745,86,964,311,-52.29,54,365,15,494,131,22,2634,30,5379,662,5.6
2007,DET,1.4,-5.0,-3.6,2.6,303,27,14,22,-6.1,587,368,203,19,3878,100,965,444,-124.39,-98,346,16,324,73,13,1288,36,5166,676,5.4
2007,PHI,0.1,5.1,5.3,3.0,323,19,12,15,2.3,577,350,186,24,3755,83,1047,300,-37.49,36,336,17,421,118,12,1974,27,5729,649,5.5
2007,WAS,0.2,4.3,4.5,3.0,307,12,18,11,1.5,525,319,192,18,3463,90,1052,310,-198.87,24,334,18,498,103,15,1871,29,5334,751,5.1
2007,TAM,-2.3,3.6,1.2,-2.8,281,21,12,8,4.0,490,316,162,18,3357,81,975,270,-156.35,64,334,19,449,98,15,1872,20,5229,614,5.4
2007,CHI,-0.2,1.4,1.2,2.1,266,24,13,21,-0.9,569,327,168,18,3362,111,1035,348,-194.23,-14,334,20,423,74,8,1330,34,4692,839,4.5
2007,DEN,-0.2,-3.8,-3.9,1.6,305,22,14,15,-5.6,515,326,187,21,3584,90,976,409,-72.86,-89,320,21,429,96,10,1957,29,5541,610,5.7
2007,OTI,-2.9,3.6,0.7,0.5,306,17,17,17,0.3,464,288,171,9,2878,101,1037,297,-172.57,4,301,22,543,118,17,2109,34,4987,773,4.8
2007,RAI,-3.5,-2.5,-6.0,1.2,267,23,17,20,-7.2,451,260,133,17,2631,120,1000,398,-187.89,-115,283,23,508,111,11,2086,37,4717,864,4.7
2007,RAV,-5.0,-1.8,-6.7,0.1,291,20,26,14,-6.8,557,341,175,13,3035,107,1042,384,-231.17,-109,275,24,446,96,11,1797,40,4832,873,4.6
2007,NYJ,-4.0,0.3,-3.7,1.7,286,21,6,19,-5.4,512,310,173,15,3014,63,1011,355,-172.29,-87,268,25,446,92,6,1701,25,4715,486,4.7
2007,MIA,-4.1,-4.2,-8.4,2.3,283,14,13,16,-10.6,558,318,162,12,3031,91,989,437,-153.67,-170,267,26,389,107,14,1569,29,4600,732,4.7
2007,CAR,-5.7,-0.1,-5.8,-0.8,255,28,12,17,-5.0,505,285,142,19,2735,95,989,347,-173.41,-80,267,27,451,85,7,1824,29,4559,801,4.6
2007,RAM,-6.5,-6.5,-13.0,-2.0,281,23,9,28,-10.9,574,333,193,19,3233,94,1026,438,-194.74,-175,263,28,404,65,5,1527,37,4760,794,4.6
2007,ATL,-5.8,-4.8,-10.6,-0.9,248,14,9,15,-9.7,555,336,161,18,3293,105,987,414,-199.45,-155,259,29,385,73,7,1520,24,4813,891,4.9
2007,BUF,-5.6,1.5,-4.1,2.3,248,16,7,14,-6.4,445,263,141,12,2634,78,919,354,-172.71,-102,252,30,448,91,8,1800,21,4434,633,4.8
2007,KAN,-7.4,1.9,-5.5,1.4,255,18,13,20,-6.8,563,335,171,17,3181,101,1001,335,-191.37,-109,226,31,383,66,6,1248,33,4429,697,4.4
2007,SFO,-9.9,-2.0,-11.9,-2.9,218,13,17,17,-9.1,513,274,140,15,2320,97,925,364,-316.28,-145,219,32,357,65,8,1477,34,3797,702,4.1
2008,NOR,6.8,-2.8,4.0,-0.3,354,19,8,18,4.4,636,413,232,34,4977,86,1047,393,51.85,70,463,1,398,103,20,1594,26,6571,797,6.3
2008,SDG,5.0,0.0,5.0,-0.8,301,18,9,11,5.8,478,312,191,34,3858,95,924,347,37.86,92,439,2,421,92,13,1726,20,5584,748,6.0
2008,NYG,5.5,2.8,8.4,0.1,338,32,3,10,8.3,491,298,176,23,3177,102,1021,294,-47.01,133,427,3,502,130,19,2518,13,5695,821,5.6
2008,CRD,4.1,-6.0,-1.9,-1.9,328,25,15,15,0.1,630,418,231,31,4674,107,998,426,-42.91,1,427,4,340,72,14,1178,30,5852,781,5.9
2008,GNB,4.1,-1.2,2.9,0.5,299,18,8,13,2.4,541,343,182,28,3813,110,1012,380,-12.53,39,419,5,437,99,11,1805,21,5618,984,5.6
2008,PHI,4.7,3.2,7.8,-0.1,318,20,10,16,7.9,606,362,204,23,3911,74,1056,289,-106.76,127,416,6,427,94,15,1697,26,5608,635,5.3
2008,CAR,2.8,2.9,5.6,0.3,287,17,7,12,5.3,414,246,152,15,3158,94,938,329,-47.15,85,414,7,504,118,30,2437,19,5595,637,6.0
2008,NWE,2.3,1.6,3.9,-2.4,356,25,10,11,6.3,534,339,186,21,3569,57,1095,309,-13.1,101,410,8,513,145,21,2278,21,5847,501,5.3
2008,NYJ,2.2,-1.9,0.2,-2.8,308,28,8,23,3.1,529,347,186,22,3303,77,981,356,-71.83,49,405,9,422,94,20,2004,31,5307,569,5.4
2008,ATL,1.3,2.5,3.8,-0.3,313,25,10,11,4.1,434,265,157,16,3336,71,1011,325,-18.27,66,391,10,560,131,23,2443,21,5779,591,5.7
2008,RAV,4.2,5.6,9.8,1.0,300,21,9,12,8.8,433,261,147,16,2808,103,1058,244,-196.15,141,385,11,592,132,20,2376,21,5184,785,4.9
2008,MIN,1.1,2.9,4.0,1.2,292,23,14,17,2.9,452,267,150,22,2956,90,1014,333,-102.8,46,379,12,519,119,15,2332,31,5288,692,5.2
2008,CLT,2.6,3.9,6.5,1.6,321,21,5,12,4.9,585,393,220,27,4094,86,969,298,13.94,79,377,13,370,80,13,1274,17,5368,619,5.5
2008,CHI,1.1,1.0,2.1,0.5,264,13,13,14,1.6,528,304,153,20,3061,78,991,350,-165.89,25,375,14,434,98,15,1673,27,4734,610,4.8
2008,OTI,1.5,7.5,8.9,0.1,268,17,8,9,8.8,453,265,143,13,2819,108,973,234,-76.91,141,375,15,508,108,24,2199,17,5018,855,5.2
2008,DEN,0.7,-6.5,-5.8,-0.9,354,28,12,18,-4.9,620,386,223,25,4471,77,1019,448,40.33,-78,370,16,387,103,15,1862,30,6333,739,6.2
2008,HTX,2.8,-3.2,-0.4,1.4,340,24,12,20,-1.8,555,367,210,21,4267,80,1019,394,-76.35,-28,366,17,432,106,16,1846,32,6113,664,6.0
2008,DAL,1.7,-1.2,0.6,0.8,291,18,13,20,-0.2,547,328,171,29,3789,120,979,365,-88.66,-3,362,18,401,102,12,1723,33,5512,957,5.6
2008,TAM,-0.6,2.9,2.3,-0.1,298,14,13,13,2.4,562,355,184,18,3619,95,1045,323,-192.43,38,361,19,451,100,13,1837,26,5456,834,5.2
2008,PIT,1.6,8.2,9.8,2.0,290,18,10,15,7.8,506,303,179,19,3301,95,1015,223,-199.86,124,347,20,460,93,16,1690,25,4991,812,4.9
2008,MIA,-2.4,1.8,-0.5,-2.3,308,13,6,7,1.8,491,330,184,20,3632,81,965,317,-94.02,28,345,21,448,111,18,1897,13,5529,669,5.7
2008,SFO,-2.9,-2.4,-5.3,-2.7,287,28,16,19,-2.6,509,309,176,21,3379,98,961,381,-133.8,-42,339,22,397,83,10,1599,35,4978,732,5.2
2008,BUF,-2.8,-0.6,-3.3,-3.0,287,13,15,15,-0.4,479,309,167,14,3040,71,956,342,-177.66,-6,336,23,439,107,16,1842,30,4882,538,5.1
2008,JAX,-2.1,-0.4,-2.5,1.6,312,22,11,13,-4.1,537,335,183,15,3332,104,1005,367,-75.31,-65,302,24,426,107,17,1774,24,5106,813,5.1
2008,SEA,-4.9,-2.8,-7.6,-1.5,265,19,12,15,-6.1,474,262,142,18,2617,79,927,392,-125.55,-98,294,25,417,104,10,1768,27,4385,601,4.7
2008,KAN,-3.9,-5.3,-9.2,0.1,273,18,8,16,-9.3,541,310,161,23,3129,78,957,440,-123.89,-149,291,26,379,94,9,1810,24,4939,645,5.2
2008,DET,-4.0,-9.1,-13.1,2.5,234,21,10,19,-15.6,509,281,143,18,2960,88,913,517,-180.57,-249,268,27,352,70,10,1332,29,4292,729,4.7
2008,WAS,-5.8,4.1,-1.8,0.2,295,21,12,6,-1.9,510,318,165,14,3025,83,1026,296,-173.59,-31,265,28,478,109,12,2095,18,5120,644,5.0
2008,RAI,-6.5,-1.0,-7.5,0.3,225,15,12,11,-7.8,421,222,123,13,2369,109,919,388,-231.49,-125,263,29,459,87,9,1987,23,4356,823,4.7
2008,RAM,-8.1,-7.0,-15.1,-0.5,249,14,12,19,-14.6,520,292,140,11,2947,97,982,465,-238.05,-233,232,30,417,95,8,1649,31,4596,718,4.7
2008,CLE,-5.2,0.6,-4.6,2.7,233,22,6,20,-7.4,488,238,127,11,2380,100,921,350,-217.96,-118,232,31,409,84,6,1605,26,3985,669,4.3
2008,CIN,-6.9,-0.1,-7.0,3.0,245,20,11,15,-10.0,513,303,145,11,2406,75,984,364,-273.1,-160,204,32,420,80,6,1520,26,3926,591,4.0
2009,NOR,11.2,-0.5,10.8,0.2,348,18,16,12,10.6,544,378,215,34,4355,89,1032,341,60.76,169,510,1,468,115,21,2106,28,6461,787,6.3
2009,MIN,6.6,0.6,7.2,-2.7,343,24,11,7,9.9,553,377,220,34,4156,101,1054,312,7.01,158,470,2,467,99,19,1918,18,6074,757,5.8
2009,GNB,6.3,1.1,7.4,-2.9,335,32,8,8,10.3,553,357,201,30,4180,118,1042,297,72.34,164,461,3,438,102,20,1885,16,6065,1057,5.8
2009,SDG,6.4,0.2,6.6,-1.7,330,28,7,10,8.4,519,338,222,29,4338,78,972,320,-11.67,134,454,4,427,80,17,1423,17,5761,570,5.9
2009,PHI,5.8,0.2,6.0,0.2,290,21,10,13,5.8,553,335,182,27,4089,115,975,337,-49.4,92,429,5,384,87,14,1637,23,5726,951,5.9
2009,NWE,6.7,4.5,11.2,2.3,373,37,9,13,8.9,592,390,222,28,4436,81,1076,285,22.9,142,427,6,466,114,19,1921,22,6357,743,5.9
2009,CLT,4.4,1.5,5.9,-0.9,339,29,5,19,6.8,601,402,241,34,4515,74,980,307,43.68,109,416,7,366,69,16,1294,24,5809,546,5.9
2009,NYG,4.6,-4.5,0.1,1.6,323,26,17,14,-1.6,542,338,194,28,4019,95,1017,427,-34.71,-25,402,8,443,103,14,1837,31,5856,802,5.8
2009,RAV,2.6,4.9,7.5,-0.7,320,18,9,13,8.1,510,321,187,21,3419,115,1014,261,-66.23,130,391,9,468,115,22,2200,22,5619,1094,5.5
2009,HTX,2.7,-0.7,2.0,-1.5,340,16,11,17,3.4,593,399,231,29,4654,95,1043,333,-28.67,55,388,10,425,93,13,1475,28,6129,833,5.9
2009,CRD,0.1,-0.4,-0.3,-3.4,317,25,18,18,3.1,594,392,215,27,4016,108,985,325,-116.0,50,375,11,365,77,16,1494,36,5510,886,5.6
2009,PIT,1.0,0.7,1.7,-1.1,331,25,11,14,2.8,536,351,210,28,4148,85,1014,324,-69.44,44,368,12,428,96,10,1793,25,5941,769,5.9
2009,ATL,2.7,2.3,5.0,2.7,330,33,8,17,2.4,570,332,192,26,3571,78,1048,325,-77.35,38,363,13,451,105,15,1876,25,5447,664,5.2
2009,DAL,0.4,6.7,7.1,0.2,335,22,10,9,6.9,550,347,203,26,4287,115,1020,250,-32.87,111,361,14,436,110,14,2103,19,6390,892,6.3
2009,MIA,2.9,-1.2,1.7,3.6,333,16,10,19,-1.9,545,331,188,15,3170,78,1088,390,-80.15,-30,360,15,509,129,22,2231,29,5401,640,5.0
2009,OTI,0.9,-3.6,-2.8,0.2,288,19,16,15,-3.0,476,271,154,16,3031,98,990,402,-113.09,-48,354,16,499,115,19,2592,31,5623,821,5.7
2009,NYJ,1.1,7.5,8.6,1.6,280,17,9,21,7.0,393,210,131,12,2380,88,1030,236,-176.01,112,348,17,607,132,21,2756,30,5136,677,5.0
2009,SFO,-2.9,3.0,0.1,-3.0,238,24,10,14,3.1,528,312,137,23,3052,98,939,281,-137.18,49,330,18,371,77,12,1600,24,4652,758,5.0
2009,CHI,-1.9,-2.0,-3.9,-0.9,262,21,7,27,-3.0,563,340,170,27,3473,100,971,375,-206.86,-48,327,19,373,71,6,1492,34,4965,836,5.1
2009,DEN,-1.0,1.3,0.3,0.2,306,25,10,13,0.1,558,341,186,21,3627,93,1032,324,-111.32,2,326,20,440,95,9,1836,23,5463,800,5.3
2009,CAR,-0.6,4.5,3.9,3.5,289,14,11,20,0.4,465,264,152,16,2799,88,1023,308,-123.58,7,315,21,525,123,18,2498,31,5297,698,5.2
2009,CIN,-2.5,3.2,0.7,-0.2,295,27,12,13,0.9,477,286,159,21,2890,114,1011,291,-130.3,14,305,22,505,109,9,2056,25,4946,863,4.9
2009,KAN,-2.5,-5.9,-8.4,-0.3,256,26,10,17,-8.1,536,296,139,18,2922,84,1019,424,-192.81,-130,294,23,438,91,8,1929,27,4851,667,4.8
2009,JAX,-3.8,-2.6,-6.5,-0.9,300,16,13,10,-5.6,519,315,170,15,3356,70,1010,380,-95.89,-90,290,24,447,114,19,2029,23,5385,542,5.3
2009,SEA,-5.0,-4.4,-9.3,-2.4,297,33,12,19,-6.9,609,372,184,20,3503,95,1045,390,-169.53,-110,280,25,395,80,7,1566,31,5069,840,4.9
2009,WAS,-5.5,1.0,-4.6,-0.2,280,17,12,16,-4.4,533,340,191,21,3490,85,970,336,-155.59,-70,266,26,391,72,8,1510,28,5000,679,5.2
2009,DET,-5.2,-9.2,-14.4,0.1,281,31,9,32,-14.5,585,316,168,16,3168,98,1037,494,-196.67,-232,262,27,409,82,9,1616,41,4784,768,4.6
2009,BUF,-4.5,2.7,-1.8,2.4,233,26,11,19,-4.3,441,256,126,17,2515,107,911,326,-206.59,-68,258,28,424,81,6,1867,30,4382,855,4.8
2009,CLE,-6.0,-2.4,-8.4,-0.3,237,17,13,18,-8.1,443,219,118,11,2076,77,971,375,-207.34,-130,245,29,498,102,10,2087,31,4163,678,4.3
2009,TAM,-4.6,-1.1,-5.6,4.1,246,18,5,29,-9.8,524,279,148,18,2973,93,961,400,-226.98,-156,244,30,404,80,5,1627,34,4600,696,4.8
2009,RAI,-8.7,-1.6,-10.3,1.1,234,22,15,18,-11.4,485,255,131,10,2557,117,944,379,-296.58,-182,197,31,410,81,7,1701,33,4258,920,4.5
2009,RAM,-11.7,-5.8,-17.4,-1.1,259,21,12,21,-16.3,543,312,159,12,2686,100,998,436,-246.26,-261,175,32,411,79,4,1784,33,4470,834,4.5
2010,NWE,12.6,2.8,15.4,2.6,335,20,5,5,12.8,507,331,196,37,3847,83,986,313,73.64,205,518,1,454,119,19,1973,10,5820,766,5.9
2010,SDG,3.2,1.6,4.8,-2.6,357,27,16,13,7.4,544,359,236,30,4519,84,1039,322,27.47,119,441,2,457,94,18,1810,29,6329,677,6.1
2010,PHI,5.4,-1.2,4.2,0.3,322,17,12,13,3.9,561,348,189,28,3906,129,1038,377,-11.0,62,439,3,428,116,18,2324,25,6230,1101,6.0
2010,CLT,3.7,-0.9,2.9,-0.1,366,26,8,17,2.9,679,450,253,33,4609,79,1088,388,28.65,47,435,4,393,87,13,1483,25,6092,709,5.6
2010,ATL,3.8,2.2,6.1,-1.8,353,42,8,9,7.9,577,361,200,28,3567,58,1097,288,-39.55,126,414,5,497,111,14,1891,17,5458,598,5.0
2010,RAI,2.3,-2.2,0.2,-2.3,306,34,10,16,2.4,491,279,159,18,3180,148,1039,371,-110.8,39,410,6,504,113,19,2494,26,5674,1276,5.5
2010,DAL,2.5,-4.7,-2.2,0.5,327,22,11,19,-2.6,576,379,201,29,4042,109,1035,436,-108.16,-42,394,7,428,104,10,1786,30,5828,863,5.6
2010,NYG,1.7,0.4,2.1,-0.8,331,27,17,25,2.9,539,339,192,31,3885,92,1035,347,-49.21,47,394,8,480,112,17,2200,42,6085,777,5.9
2010,HTX,1.8,-3.7,-1.8,0.5,360,20,6,12,-2.3,574,365,222,24,4144,90,1029,427,53.17,-37,390,9,423,118,20,2042,18,6186,690,6.0
2010,GNB,3.1,7.9,10.9,1.7,312,20,9,13,9.3,541,352,204,31,4124,78,1000,240,-45.71,148,388,10,421,88,11,1606,22,5730,617,5.7
2010,NOR,1.5,0.8,2.3,-2.5,351,21,9,22,4.8,661,450,236,33,4441,90,1067,307,-53.15,77,384,11,380,94,9,1519,31,5960,884,5.6
2010,PIT,2.5,7.7,10.2,1.3,295,14,9,9,8.9,479,298,175,22,3601,100,993,232,-133.72,143,375,12,471,106,15,1924,18,5525,903,5.6
2010,NYJ,2.2,4.2,6.5,2.5,307,18,7,14,3.9,525,288,171,20,3242,103,1087,304,-122.93,63,367,13,534,118,14,2374,21,5616,934,5.2
2010,KAN,-1.5,0.8,-0.7,-3.2,319,23,6,8,2.5,475,274,167,27,2968,90,1063,326,-93.85,40,366,14,556,129,13,2627,14,5595,771,5.3
2010,DET,2.4,-0.5,1.9,2.3,304,22,9,16,-0.4,633,383,199,26,3810,136,1064,369,-105.43,-7,362,15,404,83,11,1613,25,5423,1018,5.1
2010,RAV,0.9,5.5,6.4,1.0,303,31,10,10,5.4,491,308,175,25,3335,90,1018,270,-79.88,87,357,16,487,97,11,1831,20,5166,673,5.1
2010,OTI,-0.9,1.9,1.0,0.0,252,24,14,15,1.1,474,273,155,24,3107,128,907,339,-71.69,17,356,17,406,73,13,1727,29,4834,1040,5.3
2010,JAX,-1.2,-3.3,-4.5,-0.4,330,21,12,21,-4.1,469,291,161,26,3065,83,1019,419,-35.27,-66,353,18,512,148,14,2395,33,5460,675,5.4
2010,DEN,-1.1,-7.8,-8.9,-1.0,309,24,15,12,-7.9,580,334,204,25,4038,98,1018,471,-125.44,-127,344,19,398,81,13,1544,27,5582,944,5.5
2010,TAM,-1.0,0.4,-0.6,-2.0,288,19,13,6,1.4,494,306,172,26,3361,100,955,318,-94.23,23,341,20,431,97,9,2001,19,5362,837,5.6
2010,CHI,-0.6,4.7,4.1,1.1,263,24,10,21,3.0,466,276,163,23,3015,91,936,286,-227.26,48,334,21,414,76,10,1616,31,4631,768,4.9
2010,CIN,0.4,-1.9,-1.4,3.1,317,26,14,20,-4.6,590,365,206,26,3767,90,1046,395,-148.58,-73,322,22,428,85,8,1522,34,5289,725,5.1
2010,SEA,-3.9,-5.5,-9.4,-3.4,260,20,11,20,-6.1,544,324,159,14,3341,101,964,407,-197.05,-97,310,23,385,81,13,1424,31,4765,890,4.9
2010,SFO,-4.7,-1.1,-5.8,-3.3,251,17,8,15,-2.6,500,282,149,19,3356,112,945,346,-95.38,-41,305,24,401,85,10,1657,23,5013,933,5.3
2010,WAS,-3.4,-0.5,-3.8,0.9,295,29,12,19,-4.7,605,349,194,21,3931,90,1002,377,-134.87,-75,302,25,351,72,9,1461,31,5392,647,5.4
2010,RAM,-6.3,-0.4,-6.7,-4.2,292,29,6,15,-2.4,590,354,179,18,3268,102,1053,328,-203.89,-39,289,26,429,84,9,1578,21,4846,877,4.6
2010,CRD,-5.6,-7.1,-12.7,-3.6,241,20,16,19,-9.1,561,285,154,10,2921,108,931,434,-215.39,-145,289,27,320,67,9,1388,35,4309,870,4.6
2010,BUF,-1.5,-3.1,-4.6,4.3,263,15,18,21,-8.9,519,296,166,24,3158,82,954,425,-174.07,-142,283,28,401,82,6,1720,39,4878,633,5.1
2010,MIN,-3.3,1.7,-1.6,2.6,289,26,11,26,-4.2,505,305,159,14,3097,100,982,348,-126.19,-67,281,29,441,104,16,1942,37,5039,769,5.1
2010,MIA,-2.8,3.1,0.3,4.1,300,20,10,21,-3.8,557,335,189,17,3527,72,1040,333,-174.02,-60,273,30,445,91,8,1643,31,5170,595,5.0
2010,CLE,-3.4,2.0,-1.5,2.3,265,24,11,18,-3.8,478,296,154,13,2989,78,927,332,-169.65,-61,271,31,413,87,13,1646,29,4635,675,5.0
2010,CAR,-9.1,-4.1,-13.2,0.1,225,22,16,21,-13.3,484,256,125,9,2289,106,962,408,-280.1,-212,196,32,428,78,7,1846,37,4135,918,4.3
2011,GNB,11.5,-0.1,11.4,-1.2,353,34,6,8,12.6,552,376,230,51,4924,76,988,359,92.5,201,560,1,395,89,12,1558,14,6482,591,6.6
2011,NOR,10.6,0.8,11.4,-1.6,416,20,5,14,13.0,662,472,280,46,5347,99,1117,339,165.64,208,547,2,431,116,16,2127,19,7474,851,6.7
2011,NWE,9.4,-0.1,9.3,-1.4,399,30,5,12,10.7,612,402,262,39,5084,87,1082,342,99.08,171,513,3,438,107,18,1764,17,6848,815,6.3
2011,DET,6.9,-0.8,6.1,0.6,349,34,7,16,5.4,666,423,244,41,4814,128,1058,387,33.96,87,474,4,356,71,9,1523,23,6337,1075,6.0
2011,CAR,2.6,-3.9,-1.3,0.1,345,31,6,17,-1.4,519,312,175,21,3829,113,999,429,39.94,-23,406,5,445,139,26,2408,23,6237,1013,6.2
2011,SDG,2.7,-1.8,0.9,-0.9,359,28,8,20,1.8,582,366,234,27,4426,91,1048,377,-30.34,29,406,6,436,97,16,1864,28,6290,753,6.0
2011,ATL,1.8,1.7,3.5,0.3,349,34,8,13,3.3,594,365,215,29,4192,93,1073,350,-22.37,52,402,7,453,100,14,1834,21,6026,769,5.6
2011,PHI,3.1,1.7,4.7,0.5,356,25,13,25,4.3,554,330,197,22,4110,107,1036,328,-37.96,68,396,8,450,134,20,2276,38,6386,853,6.2
2011,NYG,3.1,-1.5,1.6,2.0,331,31,8,16,-0.4,589,359,216,29,4734,94,1028,400,-45.79,-6,394,9,411,84,17,1427,24,6161,795,6.0
2011,HTX,1.4,3.2,4.5,-1.9,321,14,11,9,6.4,467,288,176,20,3506,99,1046,278,-63.12,103,381,10,546,131,18,2448,20,5954,852,5.7
2011,SFO,1.7,6.6,8.3,-1.1,282,31,5,5,9.4,451,277,150,18,2930,113,993,229,-152.56,151,380,11,498,101,14,2044,10,4974,1014,5.0
2011,RAV,2.6,3.5,6.1,-0.9,312,33,12,12,7.0,544,314,181,21,3423,92,1036,266,-72.94,112,378,12,459,98,15,1996,24,5419,742,5.2
2011,NYJ,1.2,-0.3,0.9,0.0,301,36,16,18,0.9,547,310,173,26,3297,102,1030,363,-156.9,14,377,13,443,92,14,1692,34,4989,849,4.8
2011,BUF,1.2,-4.5,-3.4,0.5,313,33,5,25,-3.9,578,356,180,24,3703,86,992,434,-104.05,-62,372,14,391,100,12,1921,30,5624,743,5.7
2011,DAL,0.7,0.9,1.6,0.3,327,17,9,12,1.4,570,376,219,33,4201,114,1017,347,-45.46,22,369,15,408,91,5,1807,21,6008,816,5.9
2011,RAI,0.2,-5.1,-4.9,-0.3,328,32,7,23,-4.6,524,315,186,20,3962,163,1015,433,-151.03,-74,359,16,466,110,16,2110,30,6072,1358,6.0
2011,CHI,-1.5,3.1,1.7,0.9,271,21,9,20,0.8,473,268,153,18,3011,104,978,341,-192.92,12,353,17,456,97,10,2015,29,5026,800,5.1
2011,CIN,0.7,-0.2,0.5,-0.9,285,32,8,14,1.3,535,308,160,21,3340,99,1015,323,-104.83,21,344,18,455,93,10,1778,22,5118,874,5.0
2011,MIN,-1.6,-4.1,-5.7,1.1,297,20,9,17,-6.8,510,286,159,20,2957,109,1007,449,-77.5,-109,340,19,448,118,18,2318,26,5275,908,5.2
2011,MIA,-2.2,3.2,0.9,-0.1,287,32,12,13,1.0,469,280,166,20,3091,85,990,313,-126.5,16,329,20,469,89,11,1987,25,5078,779,5.1
2011,OTI,-2.2,1.2,-1.0,-1.5,281,25,8,14,0.5,584,353,185,22,3923,104,984,317,-77.3,8,325,21,376,71,8,1438,22,5361,960,5.4
2011,PIT,-0.8,6.0,5.3,-0.8,341,24,13,15,6.1,539,341,221,21,4054,101,1015,227,-91.67,98,325,22,434,96,13,1903,28,5957,854,5.9
2011,SEA,-0.5,1.3,0.8,0.4,265,23,9,14,0.4,509,299,153,15,3105,138,1003,315,-137.47,6,321,23,444,89,15,1756,23,4861,1047,4.8
2011,CRD,-1.7,-0.5,-2.2,0.0,286,28,9,23,-2.3,550,307,175,21,3567,106,993,348,-98.26,-36,312,24,389,83,12,1625,32,5192,1004,5.2
2011,DEN,-3.6,-1.7,-5.3,-0.2,286,27,17,13,-5.1,429,217,130,20,2434,101,1017,390,-154.77,-81,309,25,546,129,11,2632,30,5066,843,5.0
2011,WAS,-4.3,0.2,-4.1,0.8,312,29,11,24,-4.9,591,346,204,19,3773,91,1032,367,-194.94,-79,288,26,400,79,8,1614,35,5387,897,5.2
2011,TAM,-4.0,-6.6,-10.6,2.3,277,23,16,24,-12.9,588,365,180,17,3650,123,966,494,-185.87,-207,287,27,346,74,9,1458,40,5108,1007,5.3
2011,JAX,-7.1,1.4,-5.6,-0.3,251,26,8,15,-5.4,469,240,122,12,2179,77,1002,329,-229.23,-86,243,28,489,103,9,1970,23,4149,680,4.1
2011,CLT,-6.0,-5.3,-11.3,0.4,258,19,15,14,-11.7,534,302,170,14,2995,76,951,430,-156.99,-187,243,29,382,69,8,1594,29,4589,549,4.8
2011,CLE,-7.2,1.8,-5.4,0.2,278,28,6,13,-5.6,570,320,173,16,3090,95,1024,307,-180.18,-89,218,30,415,77,4,1531,19,4621,847,4.5
2011,KAN,-10.2,2.1,-8.1,-0.2,277,25,10,18,-7.9,500,299,163,13,3080,110,1021,338,-185.47,-126,212,31,487,89,5,1893,28,4973,916,4.9
2011,RAM,-8.4,-2.1,-10.4,2.9,267,29,13,10,-13.4,549,292,159,9,2870,112,1013,407,-237.06,-214,193,32,409,79,7,1667,23,4537,899,4.5
2012,NWE,12.2,0.5,12.8,-1.4,444,37,7,9,14.1,641,402,256,34,4662,97,1191,331,118.97,226,557,1,523,151,25,2184,16,6846,840,5.7
2012,DEN,6.3,3.8,10.1,-1.9,380,36,14,11,12.0,588,402,232,37,4534,100,1090,289,54.27,192,481,2,481,112,12,1832,25,6366,805,5.8
2012,NOR,6.5,-5.1,1.4,1.0,352,21,5,19,0.4,671,423,267,43,4997,104,1067,454,74.33,7,461,3,370,64,10,1577,24,6574,911,6.2
2012,WAS,4.6,-1.2,3.4,0.4,341,26,6,8,3.0,442,291,171,24,3422,116,994,388,-16.5,48,436,4,519,144,22,2709,14,6131,985,6.2
2012,GNB,4.9,2.4,7.3,1.2,341,43,8,8,6.1,558,374,213,40,4049,103,1042,336,25.77,97,433,5,433,85,9,1702,16,5751,923,5.5
2012,NYG,4.0,2.2,6.2,0.9,327,37,6,15,5.3,539,323,187,26,3825,72,968,344,-14.71,85,429,6,409,103,18,1862,21,5687,578,5.9
2012,ATL,2.0,4.5,6.4,-1.1,343,26,4,14,7.5,615,422,247,32,4509,55,1021,299,-18.12,120,419,7,378,70,12,1397,18,5906,415,5.8
2012,HTX,1.8,1.7,3.5,-1.8,341,22,4,13,5.3,554,354,205,22,3830,108,1090,331,-20.08,85,416,8,508,114,19,2123,17,5953,873,5.5
2012,SEA,4.5,7.7,12.2,1.8,311,29,8,10,10.4,405,259,153,27,3031,110,974,245,9.07,167,412,9,536,129,16,2579,18,5610,890,5.8
2012,RAV,1.9,1.0,2.9,-0.5,314,34,5,11,3.4,560,334,182,22,3739,121,1042,344,22.03,54,398,10,444,98,17,1901,16,5640,1127,5.4
2012,SFO,3.5,6.7,10.2,2.5,322,22,8,8,7.8,436,289,172,23,3298,109,969,273,-15.31,124,397,11,492,128,17,2491,16,5789,960,6.0
2012,CIN,1.2,0.9,2.1,-2.4,292,24,10,16,4.4,540,335,173,28,3578,99,1016,320,-90.48,71,391,12,430,95,11,1745,26,5323,857,5.2
2012,TAM,1.3,-1.3,0.0,0.3,301,24,6,17,-0.3,566,311,188,27,3983,101,1008,394,-32.9,-5,389,13,416,89,13,1837,23,5820,819,5.8
2012,MIN,1.6,1.8,3.4,1.4,306,30,11,12,1.9,483,300,163,18,2751,90,1001,348,-59.9,31,379,14,486,113,16,2634,23,5385,830,5.4
2012,DAL,1.4,-1.2,0.3,1.8,338,25,10,19,-1.5,658,434,237,29,4729,117,1049,400,-39.11,-24,376,15,355,76,8,1265,29,5994,853,5.7
2012,CHI,1.0,6.0,6.9,0.8,292,30,8,16,6.1,485,287,163,21,2999,102,999,277,-115.17,98,375,16,470,99,11,1970,24,4969,811,5.0
2012,DET,2.1,-4.4,-2.3,1.8,382,26,16,17,-4.1,740,445,272,22,4927,103,1160,437,-59.66,-65,372,17,391,84,17,1613,33,6540,944,5.6
2012,CAR,-0.5,1.3,0.8,1.2,328,34,10,12,-0.4,490,284,171,19,3683,98,988,363,2.08,-6,357,18,462,123,21,2088,22,5771,835,5.8
2012,CLT,-1.9,-2.8,-4.7,-2.8,360,42,9,18,-1.9,628,339,208,23,4128,94,1109,387,-73.11,-30,357,19,440,110,11,1671,27,5799,801,5.2
2012,SDG,-2.0,-0.4,-2.3,-2.3,293,28,11,15,0.0,528,338,184,26,3295,103,988,350,-125.47,0,350,20,411,81,4,1461,26,4756,796,4.8
2012,BUF,-0.9,-5.8,-6.7,-1.0,301,22,17,17,-5.7,511,309,176,24,3269,104,983,435,-100.38,-91,344,21,442,103,12,2217,34,5486,871,5.6
2012,PIT,-2.8,2.1,-0.7,-2.0,307,25,16,14,1.4,574,354,202,27,3787,92,1023,314,-108.05,22,336,22,412,80,8,1537,30,5324,938,5.2
2012,OTI,-2.6,-7.4,-10.0,-1.2,260,24,12,16,-8.8,540,318,166,17,3323,106,957,471,-109.54,-141,330,23,378,70,10,1687,28,5010,847,5.2
2012,CLE,-4.6,-0.7,-5.3,-1.2,279,23,8,18,-4.1,566,328,185,16,3435,113,998,368,-139.68,-66,302,24,396,71,12,1593,26,5028,1005,5.0
2012,RAM,-2.1,2.4,0.4,3.4,287,19,8,14,-3.1,557,332,189,22,3550,130,1002,348,-136.28,-49,299,25,410,79,5,1714,22,5264,978,5.3
2012,RAI,-4.6,-6.2,-10.8,-1.3,300,28,10,16,-9.6,629,376,200,24,4084,108,1032,443,-118.39,-153,290,26,376,72,4,1420,26,5504,939,5.3
2012,MIA,-5.5,2.9,-2.6,-0.8,288,37,13,13,-1.8,504,293,158,13,3182,82,981,317,-88.66,-29,288,27,440,93,15,1802,26,4984,724,5.1
2012,NYJ,-5.1,-0.9,-5.9,0.0,299,35,18,19,-5.9,493,272,162,14,2891,83,1034,375,-166.55,-94,281,28,494,102,12,1896,37,4787,708,4.6
2012,PHI,-5.3,-3.6,-8.9,1.4,332,31,22,15,-10.3,618,367,190,18,3791,98,1079,444,-174.47,-164,280,29,413,111,10,1874,37,5665,813,5.3
2012,JAX,-8.1,-4.9,-13.0,-1.1,269,36,9,17,-11.8,586,328,157,20,3419,101,994,444,-192.09,-189,255,30,358,76,5,1369,26,4788,955,4.8
2012,CRD,-4.8,1.6,-3.2,3.5,246,20,13,21,-6.7,608,337,168,11,3005,102,1018,357,-297.04,-107,250,31,352,58,10,1204,34,4209,857,4.1
2012,KAN,-10.3,-3.7,-14.0,-0.6,286,24,17,20,-13.4,475,273,144,8,2713,92,1015,425,-203.56,-214,211,32,500,118,9,2395,37,5108,733,5.0
2013,DEN,14.1,-2.7,11.4,-1.6,435,35,16,10,12.9,675,461,293,55,5444,117,1156,399,277.21,207,606,1,461,107,16,1873,26,7317,1000,6.3
2013,CHI,3.0,-7.1,-4.1,-2.1,344,27,10,13,-2.1,579,373,215,32,4281,85,1013,478,75.28,-33,445,2,404,102,13,1828,23,6109,708,6.0
2013,NWE,4.5,1.4,5.9,-0.7,378,43,9,11,6.6,628,380,225,25,4087,69,1138,338,100.43,106,444,3,470,110,19,2065,20,6152,625,5.4
2013,PHI,2.3,-0.5,1.9,-1.9,355,25,10,9,3.8,508,310,197,32,4110,95,1054,382,134.05,60,442,4,500,133,19,2566,19,6676,846,6.3
2013,DAL,2.7,-3.4,-0.7,-1.1,325,32,8,12,0.4,586,375,213,33,3954,102,957,432,88.89,7,439,5,336,80,12,1504,20,5458,867,5.7
2013,CIN,2.3,3.0,5.4,-2.5,330,24,10,20,7.8,587,364,205,33,4136,102,1097,305,33.5,125,430,6,481,101,14,1755,30,5891,1000,5.4
2013,KAN,1.7,4.3,6.1,-1.7,323,34,10,8,7.8,546,333,179,24,3340,101,1029,305,38.85,125,430,7,442,110,17,2056,18,5396,774,5.2
2013,GNB,0.5,-3.6,-3.1,-2.4,351,31,9,16,-0.7,570,366,201,25,4268,86,1074,428,113.82,-11,417,8,459,119,17,2136,25,6404,801,6.0
2013,SEA,4.1,8.9,13.0,1.4,307,31,10,9,11.6,420,267,160,27,3236,128,973,231,60.55,186,417,9,509,116,14,2188,19,5424,1183,5.6
2013,NOR,3.8,5.0,8.8,1.9,359,28,7,12,6.9,651,446,244,39,4918,95,1079,304,169.86,110,414,10,391,87,10,1473,19,6391,817,5.9
2013,SFO,3.5,6.6,10.1,1.8,286,23,10,8,8.4,417,244,148,21,2979,103,961,272,58.16,134,406,11,505,115,18,2201,18,5180,845,5.4
2013,SDG,0.5,2.1,2.7,-0.3,373,39,10,11,3.0,544,378,230,32,4328,95,1060,348,186.29,48,396,12,486,104,9,1965,21,6293,765,5.9
2013,DET,-1.2,-0.5,-1.6,-2.8,350,23,15,19,1.2,634,371,221,29,4482,110,1102,376,25.59,19,395,13,445,106,15,1792,34,6274,925,5.7
2013,CLT,1.7,2.3,4.0,0.6,318,39,4,10,3.4,582,350,191,23,3725,66,1023,336,98.0,55,391,14,409,88,15,1743,14,5468,576,5.3
2013,MIN,0.2,-6.9,-6.6,-1.1,309,30,13,19,-5.6,546,325,173,18,3427,70,1013,480,24.52,-89,391,15,423,106,23,2081,32,5508,695,5.4
2013,CRD,2.7,3.7,6.4,3.0,329,40,9,22,3.4,574,363,205,24,4002,96,1037,324,-5.74,55,379,16,422,84,12,1540,31,5542,744,5.3
2013,PIT,-0.9,-1.0,-2.0,-2.5,312,24,10,14,0.6,586,377,207,28,4017,80,1023,370,26.81,9,379,17,394,81,9,1383,24,5400,677,5.3
2013,CAR,0.6,8.6,9.2,1.4,319,28,6,13,7.8,473,292,169,24,3043,80,999,241,90.4,125,366,18,483,122,14,2026,19,5069,671,5.1
2013,OTI,-0.2,-0.6,-0.8,0.4,311,36,9,16,-1.2,533,328,172,22,3496,101,1032,381,46.52,-19,362,19,462,103,16,1894,25,5390,900,5.2
2013,ATL,1.2,-3.9,-2.8,2.9,330,39,11,17,-5.6,659,445,227,26,4243,91,1024,443,48.53,-90,353,20,321,64,11,1247,28,5490,788,5.4
2013,RAM,0.4,1.8,2.2,3.2,282,35,10,11,-1.0,506,301,165,22,3125,123,968,364,-11.2,-16,348,21,426,82,10,1752,21,4877,1009,5.0
2013,BUF,-1.3,-1.9,-3.2,-0.1,301,39,12,15,-3.1,522,299,149,16,3103,110,1116,388,-59.11,-49,339,22,546,113,15,2307,27,5410,954,4.8
2013,WAS,-3.9,-5.4,-9.3,-0.3,329,19,15,19,-9.0,611,355,198,20,3751,99,1107,478,-42.64,-144,334,23,453,112,14,2164,34,5915,802,5.3
2013,RAI,-3.8,-4.2,-8.0,0.2,275,17,11,20,-8.2,519,298,168,17,3340,116,1000,453,-52.12,-131,322,24,437,90,16,2000,31,5340,912,5.3
2013,RAV,-5.0,1.4,-3.5,-1.5,295,38,6,23,-2.0,619,363,189,19,3590,112,1090,352,-95.39,-32,320,25,423,68,7,1328,29,4918,942,4.5
2013,MIA,-2.9,2.1,-0.8,0.3,278,12,7,19,-1.1,594,357,205,24,3567,70,1001,335,-18.67,-18,317,26,349,61,8,1440,26,5007,598,5.0
2013,CLE,-4.8,-2.9,-7.7,-1.6,301,24,9,20,-6.1,681,379,200,26,4040,104,1078,406,-83.4,-98,308,27,348,77,4,1383,29,5423,920,5.0
2013,NYG,-6.2,0.8,-5.4,0.2,280,27,15,29,-5.6,567,325,176,18,3588,91,988,383,-106.96,-89,294,28,381,77,11,1332,44,4920,786,5.0
2013,NYJ,-4.7,-1.4,-6.1,0.0,280,21,7,22,-6.1,480,266,154,13,2932,108,1020,387,-94.9,-97,290,29,493,105,12,2158,29,5090,837,5.0
2013,TAM,-2.9,0.3,-2.7,3.6,269,37,9,12,-6.3,514,291,157,22,2820,121,981,389,-79.47,-101,288,30,420,75,6,1612,21,4432,1136,4.5
2013,HTX,-5.0,-2.6,-7.6,1.9,307,19,9,22,-9.5,633,371,198,19,3813,112,1089,428,-85.06,-152,276,31,414,90,7,1743,31,5556,1138,5.1
2013,JAX,-7.1,-4.0,-11.1,1.5,271,24,6,21,-12.6,592,349,176,16,3441,96,1020,449,-130.11,-202,247,32,378,71,7,1260,27,4701,797,4.6
2014,GNB,7.9,0.4,8.3,-0.3,356,30,7,6,8.6,536,349,222,38,4261,92,1001,348,172.28,138,486,1,435,104,14,1917,13,6178,775,6.2
2014,DEN,9.2,0.4,9.6,1.6,360,35,5,15,8.0,607,399,227,40,4661,120,1067,354,140.4,128,482,2,443,98,15,1785,20,6446,1045,6.0
2014,PHI,6.6,-2.7,3.9,-0.7,356,29,15,21,4.6,621,384,218,27,4356,115,1127,400,35.17,74,474,3,474,109,16,1992,36,6348,995,5.6
2014,NWE,7.5,3.5,10.9,1.3,361,37,4,9,9.7,609,392,228,34,4121,120,1073,313,181.12,155,468,4,438,96,13,1727,13,5848,1080,5.5
2014,DAL,5.3,0.1,5.4,-1.8,342,31,14,11,7.2,476,328,205,37,3784,105,1014,352,174.23,115,467,5,508,106,16,2354,25,6138,839,6.1
2014,CLT,5.2,-0.8,4.4,-1.1,371,40,15,16,5.6,661,410,251,42,4894,105,1105,369,83.73,89,458,6,415,80,9,1612,31,6506,848,5.9
2014,PIT,4.4,-2.1,2.2,-2.0,379,38,11,10,4.3,612,411,243,33,4825,103,1068,368,156.58,68,436,7,423,98,10,1752,21,6577,834,6.2
2014,RAV,1.8,2.8,4.6,-2.1,345,38,8,12,6.7,554,344,194,27,3819,111,1021,302,135.24,107,409,8,448,113,16,2019,20,5838,870,5.7
2014,NOR,1.9,-4.8,-2.9,-1.5,395,36,13,17,-1.4,659,456,258,33,4764,80,1095,424,151.45,-23,401,9,406,101,16,1818,30,6582,670,6.0
2014,SEA,2.4,7.1,9.5,0.8,328,24,7,7,8.8,454,287,160,20,3250,130,1021,254,137.18,140,394,10,525,144,20,2762,14,6012,1009,5.9
2014,MIA,2.9,-0.4,2.6,1.6,361,36,11,12,0.9,595,394,226,27,3729,81,1040,373,74.78,15,388,11,399,99,12,1872,23,5601,635,5.4
2014,ATL,0.6,-4.4,-3.8,-1.6,330,22,8,15,-2.3,632,418,233,28,4553,97,1035,417,61.55,-36,381,12,372,75,11,1498,23,6051,840,5.8
2014,NYG,0.8,-2.5,-1.7,-0.4,336,35,14,14,-1.3,607,383,218,30,4272,101,1086,400,40.61,-20,380,13,449,83,13,1603,28,5875,896,5.4
2014,HTX,-0.8,2.5,1.7,-2.3,313,34,9,13,4.1,485,295,171,22,3352,94,1062,307,13.01,65,372,14,551,108,12,2161,22,5513,834,5.2
2014,CIN,-0.5,1.3,0.7,-0.6,313,27,9,17,1.3,503,323,164,20,3421,102,1018,344,13.84,21,365,15,492,122,19,2147,26,5568,812,5.5
2014,KAN,0.0,5.7,5.7,1.2,309,33,11,6,4.5,493,320,184,18,3182,88,962,281,52.61,72,353,16,420,92,18,1918,17,5100,681,5.3
2014,SDG,0.7,1.2,1.9,1.9,326,37,5,18,0.0,574,380,214,31,4098,111,1009,348,64.94,0,348,17,398,75,6,1367,23,5465,967,5.4
2014,BUF,-0.4,5.3,4.9,1.6,273,22,10,13,3.4,579,363,186,23,3614,124,1020,289,-43.33,54,343,18,402,65,7,1482,23,5096,1031,5.0
2014,CAR,-2.4,-0.7,-3.1,-0.9,347,31,11,12,-2.2,545,327,199,23,3511,83,1060,374,44.08,-35,339,19,473,117,10,2036,23,5547,756,5.2
2014,MIN,-2.8,1.1,-1.7,-0.5,288,27,2,18,-1.1,517,322,171,17,3244,100,981,343,6.55,-18,325,20,413,90,12,1804,20,5048,836,5.1
2014,RAM,-1.2,0.4,-0.8,1.0,288,20,11,16,-1.9,515,327,189,20,3400,123,957,354,-44.13,-30,324,21,395,79,11,1635,27,5035,1139,5.3
2014,DET,-3.2,5.2,2.1,-0.4,310,28,8,12,2.4,604,365,210,22,4030,118,1045,282,50.59,39,321,22,396,72,11,1422,20,5452,989,5.2
2014,CHI,-2.0,-4.7,-6.7,1.0,322,37,10,19,-7.7,609,396,194,30,3792,113,1005,442,-11.8,-123,319,23,355,91,8,1441,29,5233,997,5.2
2014,CRD,-2.4,4.4,2.0,1.3,302,44,5,12,0.7,568,320,191,21,3808,91,993,299,-9.8,11,310,24,397,67,6,1308,17,5116,707,5.2
2014,SFO,-3.0,2.1,-1.0,1.2,303,34,12,10,-2.1,487,292,165,20,3063,116,1009,340,13.79,-34,306,25,470,104,10,2176,22,5239,937,5.2
2014,WAS,-4.0,-4.7,-8.7,-0.2,318,44,13,18,-8.6,547,364,186,18,4047,120,1006,438,14.06,-137,301,26,401,88,15,1691,31,5738,1130,5.7
2014,CLE,-4.8,0.9,-3.9,-1.5,294,27,7,16,-2.4,502,274,179,12,3465,116,1010,337,-21.15,-38,299,27,477,88,17,1728,23,5193,932,5.1
2014,NYJ,-4.0,-1.0,-5.0,2.3,289,23,9,15,-7.4,498,287,154,16,2946,109,1052,401,-44.92,-118,283,28,507,112,11,2280,24,5226,932,5.0
2014,TAM,-6.5,-3.3,-9.8,-1.5,263,29,13,20,-8.3,531,301,162,21,3297,118,936,410,-67.27,-133,277,29,353,72,7,1375,33,4672,939,5.0
2014,OTI,-7.0,-4.9,-11.8,-0.3,258,24,10,16,-11.5,513,299,159,20,3412,111,919,438,-88.85,-184,254,30,356,75,6,1447,26,4859,961,5.3
2014,RAI,-4.3,-4.7,-9.0,3.4,248,19,13,16,-12.4,629,365,173,22,3275,116,994,452,-139.47,-199,253,31,337,56,4,1240,29,4515,939,4.5
2014,JAX,-7.8,-2.7,-10.5,-0.3,271,31,8,18,-10.2,557,325,154,15,3001,73,988,412,-120.53,-163,249,32,360,86,9,1633,26,4634,573,4.7
2015,CAR,6.0,2.1,8.1,-3.9,357,24,9,10,12.0,501,300,197,35,3589,103,1060,308,115.28,192,500,1,526,136,19,2282,19,5871,887,5.5
2015,CRD,9.0,3.4,12.3,1.3,373,44,11,13,11.0,562,353,237,35,4616,94,1041,313,148.43,176,489,2,452,92,16,1917,24,6533,758,6.3
2015,NWE,5.3,1.7,7.0,-2.4,348,31,7,7,9.4,629,404,230,36,4587,96,1050,315,138.04,150,465,3,383,87,14,1404,14,5991,860,5.7
2015,SEA,5.4,6.0,11.3,2.2,335,17,8,8,9.1,489,333,190,34,3790,117,1035,277,129.31,146,423,4,500,128,10,2268,16,6058,1007,5.9
2015,PIT,5.1,3.6,8.7,2.2,331,33,7,21,6.5,590,391,207,26,4603,94,1011,319,22.98,104,423,5,388,91,16,1724,28,6327,868,6.3
2015,NYG,2.5,-6.1,-3.6,-2.2,331,46,7,14,-1.4,623,392,208,36,4347,102,1053,442,31.24,-22,420,6,403,77,5,1609,21,5956,777,5.7
2015,CIN,4.8,5.8,10.6,1.9,324,34,8,9,8.8,505,334,191,31,3923,111,1004,279,82.59,140,419,7,467,99,18,1805,17,5728,917,5.7
2015,NOR,1.1,-7.6,-6.6,-2.3,381,36,8,12,-4.3,667,460,247,32,4970,130,1096,476,146.68,-68,408,8,397,98,16,1491,20,6461,1112,5.9
2015,KAN,3.7,5.3,9.0,1.6,303,32,8,7,7.4,473,310,155,20,3255,104,955,287,41.53,118,405,9,436,116,19,2044,15,5299,878,5.5
2015,WAS,-0.2,-1.8,-1.9,-2.5,317,28,11,11,0.6,555,386,208,30,4095,105,1011,379,54.93,9,388,10,429,81,9,1566,22,5661,828,5.6
2015,NYJ,-0.5,2.0,1.5,-3.0,329,20,8,16,4.6,604,362,210,33,4057,96,1074,314,72.26,73,387,11,448,99,11,1868,24,5925,787,5.5
2015,BUF,0.3,-0.2,0.0,-1.2,297,20,10,9,1.3,465,295,155,23,3343,143,1016,359,37.71,20,379,12,509,122,19,2432,19,5775,1249,5.7
2015,PHI,-0.6,-4.0,-4.6,-1.3,339,36,13,18,-3.3,623,405,193,23,4087,104,1102,430,1.07,-53,377,13,442,110,15,1743,31,5830,819,5.3
2015,JAX,-0.7,-6.9,-7.5,-3.0,313,29,10,18,-4.5,607,355,215,35,4108,105,1012,448,-28.13,-72,376,14,354,69,5,1473,28,5581,880,5.5
2015,GNB,2.0,3.3,5.3,2.5,317,44,9,8,2.8,573,348,173,31,3503,105,1056,323,40.61,45,368,15,436,100,8,1850,17,5353,906,5.1
2015,MIN,1.1,4.7,5.8,1.9,297,31,8,9,3.9,454,294,153,14,2928,88,973,302,29.39,63,365,16,474,113,18,2211,17,5139,797,5.3
2015,RAI,1.4,-1.6,-0.2,2.3,300,33,10,14,-2.5,605,373,193,34,3879,139,1008,399,4.72,-40,359,17,370,74,7,1457,24,5336,1102,5.3
2015,DET,1.0,-1.3,-0.2,2.4,337,30,10,14,-2.6,632,420,236,33,4212,104,1030,400,31.8,-42,358,18,354,71,7,1335,24,5547,930,5.4
2015,DEN,0.3,5.5,5.8,2.1,314,28,8,23,3.7,606,368,201,19,3970,115,1056,296,-50.98,59,355,19,411,85,13,1718,31,5688,1063,5.4
2015,TAM,-3.5,-4.2,-7.7,-3.0,336,36,13,15,-4.7,535,312,201,22,3852,143,1017,417,40.62,-75,342,20,455,99,12,2162,28,6014,1195,5.9
2015,ATL,-4.0,0.3,-3.8,-3.4,359,34,13,17,-0.4,621,410,230,21,4379,100,1073,345,52.68,-6,339,21,420,95,13,1606,30,5985,969,5.6
2015,HTX,-3.3,2.6,-0.8,-2.4,335,35,8,12,1.6,619,358,210,29,3833,107,1127,313,-38.02,26,339,22,472,90,7,1731,20,5564,910,4.9
2015,CHI,-0.1,-1.2,-1.3,2.6,312,27,9,12,-3.9,523,334,177,21,3663,99,1025,397,8.41,-62,335,23,468,108,13,1854,21,5517,909,5.4
2015,CLT,-3.1,-3.6,-6.7,-2.0,311,39,11,19,-4.7,619,355,195,26,3704,108,1052,408,-51.38,-75,333,24,396,77,6,1438,30,5142,931,4.9
2015,RAV,-0.7,-1.2,-1.9,2.6,323,23,7,21,-4.6,676,426,211,21,4271,122,1083,401,-47.16,-73,328,25,383,89,8,1478,28,5749,1153,5.3
2015,SDG,-1.5,-1.1,-2.6,2.2,344,35,11,13,-4.9,667,442,230,30,4591,117,1100,398,10.76,-78,320,26,393,79,4,1358,24,5949,942,5.4
2015,MIA,-4.7,-2.2,-6.8,-1.9,291,25,7,12,-4.9,588,365,194,24,3811,134,977,389,-4.88,-79,310,27,344,72,11,1496,19,5307,1090,5.4
2015,OTI,-5.9,-4.6,-10.5,-2.8,298,37,16,17,-7.8,551,342,195,25,3503,93,976,423,-89.79,-124,299,28,371,66,10,1485,33,4988,779,5.1
2015,RAM,-3.8,3.6,-0.2,3.0,241,23,11,11,-3.1,473,273,126,11,2805,122,920,330,-87.66,-50,280,29,429,92,16,1956,22,4761,1057,5.2
2015,CLE,-3.2,-2.9,-6.1,3.5,307,34,18,12,-9.6,609,371,192,20,3782,120,1042,432,-66.22,-154,278,30,380,81,5,1529,30,5311,1083,5.1
2015,DAL,-7.0,0.1,-6.9,-0.7,307,38,11,22,-6.2,528,334,175,16,3471,112,969,374,-51.92,-99,275,31,408,94,8,1890,33,5361,882,5.5
2015,SFO,-6.0,0.5,-5.5,3.8,261,24,5,12,-9.3,526,322,154,16,3316,113,969,387,-46.9,-149,238,32,390,83,7,1544,17,4860,823,5.0
2016,ATL,10.5,-2.0,8.5,0.1,379,32,4,7,8.4,537,374,239,38,4725,104,995,406,212.07,134,540,1,421,108,20,1928,11,6653,848,6.7
2016,NOR,6.8,-5.3,1.5,0.6,395,25,9,15,0.9,674,472,265,38,5074,107,1105,454,76.86,15,469,2,404,105,17,1742,24,6816,969,6.2
2016,NWE,4.3,5.0,9.3,-2.7,351,39,9,2,11.9,550,368,203,32,4308,93,1056,250,113.38,191,441,3,482,109,19,1872,11,6180,819,5.9
2016,GNB,4.9,-2.0,2.8,0.1,349,36,9,8,2.8,620,403,222,40,4199,100,1029,388,115.16,44,432,4,374,91,11,1701,17,5900,827,5.7
2016,DAL,4.1,2.9,7.0,-0.2,358,25,9,6,7.2,483,325,191,25,3631,105,1010,306,86.3,115,421,5,499,142,24,2396,15,6027,879,6.0
2016,CRD,2.4,-0.8,1.6,-1.9,368,42,11,17,3.5,646,383,229,28,4136,104,1086,362,-25.79,56,418,6,399,97,20,1732,28,5868,889,5.4
2016,RAI,3.5,-0.3,3.3,1.3,333,37,7,7,1.9,596,379,198,29,4051,147,1048,385,-24.48,31,416,7,434,98,17,1922,14,5973,1247,5.7
2016,CLT,3.1,-2.7,0.4,-0.8,351,38,7,15,1.2,584,370,220,32,4202,103,1037,392,68.23,19,411,8,409,93,13,1628,22,5830,883,5.6
2016,SDG,3.0,-3.0,0.1,0.9,340,36,14,21,-0.8,580,349,214,33,4198,107,1014,423,-29.1,-13,410,9,398,90,10,1510,35,5708,780,5.6
2016,BUF,1.8,-2.2,-0.3,-1.6,328,27,5,7,1.3,474,286,155,17,3036,112,1012,378,60.85,21,399,10,492,146,29,2630,12,5666,960,5.6
2016,PIT,2.8,2.0,4.7,0.2,336,29,3,15,4.5,596,381,210,33,4202,112,1026,327,-22.48,72,399,11,409,97,13,1760,18,5962,1068,5.8
2016,WAS,3.3,-1.3,2.0,1.2,345,30,9,12,0.8,607,407,226,25,4758,110,1009,383,105.24,13,396,12,379,89,17,1696,21,6454,909,6.4
2016,KAN,1.2,4.4,5.6,0.7,305,22,9,8,4.9,546,365,197,19,3740,109,990,311,-23.04,78,389,13,412,86,15,1748,17,5488,848,5.5
2016,OTI,0.7,-1.7,-1.0,-1.2,322,32,7,11,0.2,504,307,175,29,3541,110,1008,378,-10.0,3,381,14,476,115,16,2187,18,5728,1012,5.7
2016,CAR,-0.2,-0.8,-1.0,1.1,318,25,10,19,-2.1,563,306,194,21,3685,98,1052,402,-81.23,-33,369,15,453,99,16,1814,29,5499,835,5.2
2016,PHI,1.3,2.5,3.8,1.6,333,27,6,14,2.3,609,380,192,16,3585,113,1080,331,-45.33,36,367,16,438,114,16,1813,20,5398,945,5.0
2016,MIA,-0.6,-1.8,-2.4,-1.3,278,21,8,15,-1.1,477,316,167,27,3500,125,913,380,-48.39,-17,363,17,406,90,14,1824,23,5324,1142,5.8
2016,SEA,-2.4,4.5,2.1,-1.7,313,25,6,12,3.9,567,368,203,23,4124,117,1012,292,-11.48,62,354,18,403,85,13,1591,18,5715,970,5.6
2016,TAM,-1.5,1.3,-0.2,0.7,340,40,9,18,-0.9,578,355,220,29,3926,109,1066,369,-33.29,-15,354,19,453,80,8,1616,27,5542,926,5.2
2016,DET,-1.3,-0.1,-1.4,-0.6,329,36,5,10,-0.8,594,388,217,24,4111,100,981,358,30.86,-12,346,20,350,76,9,1310,15,5421,861,5.5
2016,RAV,-1.1,2.6,1.5,0.2,316,32,7,16,1.4,679,439,205,20,4100,125,1079,321,-86.39,22,343,21,367,79,10,1463,23,5563,1111,5.2
2016,DEN,-2.0,6.1,4.0,1.8,290,33,14,11,2.3,570,339,181,20,3685,119,1020,297,-94.99,36,333,22,410,76,11,1484,25,5169,985,5.1
2016,MIN,-2.6,3.6,0.9,-0.3,303,28,11,5,1.3,588,414,209,20,3836,103,1006,307,-60.91,20,327,23,380,66,9,1205,16,5041,882,5.0
2016,CIN,-1.5,2.5,1.0,0.4,341,37,9,8,0.6,563,364,204,18,3942,88,1050,315,30.41,10,325,24,446,100,17,1769,17,5711,726,5.4
2016,JAX,-2.7,-2.3,-5.0,0.2,321,39,13,16,-5.1,626,369,207,24,3728,129,1052,400,-67.5,-82,318,25,392,75,8,1631,29,5359,1187,5.1
2016,NYG,-3.2,5.4,2.1,0.5,289,26,11,16,1.6,598,377,190,26,3879,88,1018,284,-74.19,26,310,26,398,73,6,1412,27,5291,857,5.2
2016,SFO,-3.7,-7.5,-11.2,-0.5,287,19,15,10,-10.7,491,287,152,21,2911,99,996,480,-75.71,-171,309,27,458,116,15,2019,25,4930,831,4.9
2016,HTX,-5.3,2.7,-2.6,0.4,305,30,8,16,-3.1,583,347,173,15,3176,87,1071,328,-102.3,-49,279,28,456,102,8,1859,24,5035,868,4.7
2016,CHI,-5.2,-2.3,-7.5,0.0,324,19,12,19,-7.5,559,347,212,19,3969,110,967,399,-70.06,-120,279,29,380,93,10,1735,31,5704,967,5.9
2016,NYJ,-5.5,-3.0,-8.5,-0.1,291,28,9,25,-8.4,550,311,166,16,3466,93,1003,409,-79.69,-134,275,30,418,97,10,1802,34,5268,837,5.3
2016,CLE,-5.2,-4.9,-10.1,1.7,296,32,11,14,-11.8,567,338,181,15,3264,95,983,452,-72.41,-188,264,31,350,83,13,1712,25,4976,736,5.1
2016,RAM,-9.5,-1.6,-11.1,-0.5,245,26,9,20,-10.6,536,312,151,14,2951,126,960,394,-190.35,-170,224,32,375,68,9,1252,29,4203,1091,4.4
2017,RAM,8.2,1.0,9.2,-0.2,311,29,14,7,9.3,518,320,185,28,3831,107,1000,329,-43.18,149,478,1,454,97,17,1953,21,5784,922,5.8
2017,NWE,6.3,2.6,8.9,-1.2,389,50,4,8,10.1,587,389,232,32,4418,95,1070,296,114.84,162,458,2,448,107,16,1889,12,6307,835,5.9
2017,PHI,7.0,2.5,9.4,-0.7,338,37,11,9,10.1,564,341,193,38,3737,116,1073,295,21.06,162,457,3,473,108,9,2115,20,5852,962,5.5
2017,NOR,7.0,2.2,9.2,1.5,332,20,10,8,7.6,536,386,201,23,4189,105,1000,326,7.38,122,448,4,444,111,23,2070,18,6259,967,6.3
2017,JAX,3.0,3.6,6.5,-2.8,332,38,10,13,9.3,527,316,193,21,3593,112,1078,268,-36.01,149,417,5,527,101,18,2262,23,5855,936,5.4
2017,KAN,3.8,-0.3,3.4,-1.3,322,29,3,8,4.8,543,363,198,26,4104,118,985,339,-22.58,76,415,6,405,95,12,1903,11,6007,1044,6.1
2017,DET,5.2,-2.5,2.7,0.6,296,28,11,11,2.1,570,374,210,29,4183,104,980,376,-93.68,34,410,7,363,58,10,1221,22,5404,968,5.5
2017,PIT,3.2,1.8,5.0,-1.1,348,35,5,15,6.1,590,384,217,29,4380,101,1051,308,-32.55,98,406,8,437,96,12,1667,20,6047,897,5.8
2017,RAV,2.2,1.2,3.4,-2.4,311,32,4,13,5.8,567,363,168,20,3030,91,1054,303,-132.06,92,395,9,460,111,14,1856,17,4886,749,4.6
2017,MIN,2.3,6.8,9.1,1.0,334,38,6,8,8.1,527,357,196,25,3753,100,1055,252,-54.08,130,382,10,501,100,15,1957,14,5710,949,5.4
2017,SEA,0.7,1.2,1.9,-0.2,299,31,5,12,2.1,555,340,183,34,3657,148,1007,332,-78.12,34,366,11,409,85,4,1629,17,5286,1342,5.2
2017,CAR,1.7,2.7,4.3,2.1,320,32,6,16,2.3,501,293,167,22,3077,83,1026,327,-100.34,36,363,12,490,121,15,2102,22,5179,682,5.0
2017,SDG,-0.3,4.0,3.6,-1.5,337,33,4,11,5.2,583,366,220,28,4431,108,1020,272,-17.69,83,355,13,419,84,10,1595,15,6026,927,5.9
2017,DAL,0.4,1.2,1.6,0.2,314,25,9,13,1.4,493,309,162,22,3141,97,1005,332,-40.65,22,354,14,480,127,18,2170,22,5311,939,5.3
2017,ATL,1.1,3.2,4.3,1.9,330,29,6,12,2.4,530,343,200,21,3990,102,984,315,-46.05,38,353,15,430,101,12,1847,18,5837,918,5.9
2017,WAS,0.5,-1.8,-1.3,1.6,278,21,14,13,-2.9,540,347,191,27,3751,92,982,388,-95.51,-46,342,16,401,66,10,1448,27,5199,733,5.3
2017,HTX,-0.8,-5.6,-6.4,-0.3,313,47,11,17,-6.1,525,299,180,28,3278,124,1027,436,-78.81,-98,338,17,448,86,8,1842,28,5120,1050,5.0
2017,TAM,0.4,-1.7,-1.3,1.7,352,33,13,14,-2.9,605,378,243,26,4366,104,1035,382,-52.32,-47,335,18,390,76,8,1448,27,5814,795,5.6
2017,OTI,-2.0,-1.5,-3.5,-2.1,290,36,8,17,-1.4,496,306,157,14,3191,85,974,356,-134.32,-22,334,19,443,97,18,1833,25,5024,785,5.2
2017,SFO,-0.8,-2.1,-2.9,0.4,321,27,8,15,-3.3,607,362,206,15,3925,123,1058,383,-173.95,-52,331,20,408,88,15,1662,23,5587,988,5.3
2017,GNB,-0.3,-1.6,-1.9,2.1,307,32,7,18,-4.0,562,352,176,25,3167,96,999,384,-61.83,-64,320,21,386,99,13,1724,25,4891,789,4.9
2017,BUF,-3.0,-1.0,-4.0,-0.5,278,24,6,10,-3.6,476,289,149,16,2825,98,1010,359,-156.16,-57,302,22,487,105,12,2017,16,4842,872,4.8
2017,RAI,-3.0,-1.8,-4.7,-0.2,287,31,14,14,-4.5,558,347,178,23,3631,114,952,373,-84.71,-72,301,23,370,78,13,1554,28,5185,1009,5.4
2017,NYJ,-2.9,-2.1,-4.9,0.3,269,35,12,12,-5.3,510,323,157,19,3182,119,984,382,-119.83,-84,298,24,427,77,13,1702,24,4884,1035,5.0
2017,CRD,-4.0,0.2,-3.7,0.4,310,44,7,18,-4.1,598,339,200,21,3640,110,1060,361,-185.97,-66,295,25,410,66,6,1386,25,5026,880,4.7
2017,CIN,-4.1,-0.9,-5.0,-1.3,267,30,11,12,-3.7,510,304,165,25,3122,110,927,349,-108.45,-59,290,26,377,72,6,1366,23,4488,1027,4.8
2017,DEN,-3.9,-2.9,-6.7,-0.9,297,25,12,22,-5.8,566,332,180,19,3333,113,1075,382,-165.14,-93,289,27,457,92,8,1852,34,5185,885,4.8
2017,MIA,-3.9,-2.4,-6.3,0.7,284,31,8,21,-7.0,602,373,187,24,3535,137,995,393,-156.17,-112,281,28,360,66,4,1388,29,4923,1154,4.9
2017,CHI,-4.6,3.3,-1.3,2.2,266,30,10,12,-3.5,473,291,144,13,2811,115,934,320,-115.2,-56,264,29,422,92,13,1788,22,4599,943,4.9
2017,CLT,-6.1,-4.0,-10.1,-1.3,267,25,6,9,-8.8,487,285,148,13,2892,92,994,404,-189.77,-141,263,30,451,94,11,1661,15,4553,779,4.6
2017,NYG,-6.4,-1.2,-7.6,1.3,271,27,8,14,-8.9,608,373,178,20,3479,91,1036,388,-167.56,-142,246,31,394,66,6,1549,22,5028,895,4.9
2017,CLE,-6.8,-4.1,-11.0,0.0,290,36,13,28,-11.0,574,312,157,15,3228,110,1008,410,-233.13,-176,234,32,384,97,11,1714,41,4942,924,4.9
2018,KAN,12.6,-3.8,8.9,-0.1,384,37,6,12,9.0,583,385,239,50,4955,137,996,421,298.14,144,565,1,387,108,16,1855,18,6810,1152,6.8
2018,RAM,9.5,-1.1,8.5,-0.4,401,31,7,12,8.9,568,368,236,32,4507,96,1060,384,239.79,143,527,2,459,134,23,2231,19,6738,878,6.4
2018,NOR,7.9,2.2,10.1,0.6,377,33,9,7,9.4,519,381,210,33,4042,94,1010,353,237.73,151,504,3,471,134,26,2025,16,6067,939,6.0
2018,NWE,3.1,2.1,5.2,-1.8,365,28,7,11,6.9,574,378,206,29,4258,93,1073,325,190.96,111,436,4,478,131,18,2037,18,6295,744,5.9
2018,CLT,3.9,-0.6,3.4,-2.2,371,38,9,15,5.6,644,432,237,39,4461,120,1070,344,140.47,89,433,5,408,96,13,1718,24,6179,953,5.8
2018,SEA,3.0,1.5,4.5,-0.6,329,40,4,7,5.1,427,280,156,35,3093,111,1012,347,128.78,81,428,6,534,133,15,2560,11,5653,959,5.6
2018,SDG,3.0,2.9,6.0,-0.2,338,25,7,12,6.2,512,348,213,32,4089,113,945,329,170.19,99,428,7,399,100,16,1873,19,5962,967,6.3
2018,PIT,3.9,1.7,5.6,1.3,378,39,9,17,4.3,689,459,251,35,5008,111,1058,360,156.16,68,428,8,345,88,16,1445,26,6453,1026,6.1
2018,CHI,1.5,4.8,6.3,-2.3,331,46,10,14,8.6,512,344,177,28,3564,97,1013,283,96.31,138,421,9,468,108,16,1938,24,5502,796,5.4
2018,ATL,2.5,-2.6,-0.1,0.4,352,30,11,7,-0.6,617,428,238,36,4653,101,1010,423,155.08,-9,414,10,351,84,11,1573,18,6226,899,6.2
2018,HTX,2.4,1.4,3.8,-1.5,333,37,7,9,5.4,506,345,202,26,3781,105,1040,316,84.1,86,402,11,472,94,12,2021,16,5802,787,5.6
2018,TAM,2.0,-4.6,-2.6,1.7,388,43,9,26,-4.3,625,408,265,36,5125,117,1055,464,121.14,-68,396,12,389,80,11,1523,35,6648,975,6.3
2018,RAV,0.6,6.4,7.0,0.6,367,30,11,9,6.4,556,334,184,18,3558,116,1135,287,72.85,102,389,13,547,153,19,2441,20,5999,940,5.3
2018,GNB,0.0,-2.7,-2.7,-1.2,332,26,11,4,-1.5,640,392,208,25,4238,108,1026,400,108.88,-24,376,14,333,98,14,1667,15,5905,937,5.8
2018,CAR,0.1,0.8,0.9,1.3,356,27,6,16,-0.4,563,378,212,28,3836,92,1011,382,117.24,-6,376,15,416,117,17,2136,22,5972,818,5.9
2018,NYG,0.8,-2.9,-2.2,0.5,297,18,7,12,-2.7,583,382,208,23,4047,114,984,412,70.53,-43,369,16,354,71,13,1650,19,5697,951,5.8
2018,CIN,0.0,-3.4,-3.4,2.0,304,30,4,13,-5.4,542,331,182,27,3290,114,938,455,47.57,-87,368,17,359,92,13,1682,17,4972,957,5.3
2018,PHI,0.0,1.8,1.7,0.5,346,31,12,11,1.2,599,422,221,29,4275,100,1037,348,91.97,19,367,18,398,94,12,1570,23,5845,852,5.6
2018,MIN,-1.2,1.8,0.6,-0.6,310,26,10,10,1.2,606,425,218,30,4036,92,1003,341,7.47,19,360,19,357,66,9,1493,20,5529,779,5.5
2018,CLE,-1.0,0.6,-0.3,1.7,314,32,7,17,-2.1,574,353,189,29,4007,112,1023,392,36.91,-33,359,20,411,93,15,1893,24,5900,894,5.8
2018,SFO,-2.5,-3.1,-5.5,0.3,344,45,12,20,-5.8,532,331,201,26,3867,112,1003,435,20.95,-93,342,21,423,98,7,1902,32,5769,982,5.8
2018,DAL,-1.9,2.9,1.1,0.2,322,25,9,8,0.9,527,356,184,22,3538,104,1022,324,83.04,15,339,22,439,113,13,1963,17,5501,885,5.4
2018,NYJ,-2.0,-5.9,-7.8,-1.1,258,17,11,19,-6.8,524,299,157,18,3165,114,971,441,-97.45,-108,333,23,410,84,11,1622,30,4787,948,4.9
2018,DEN,-3.6,3.1,-0.5,0.7,320,32,6,15,-1.3,588,367,181,19,3695,125,1015,349,24.23,-20,329,24,393,107,18,1907,21,5602,985,5.5
2018,DET,-3.3,0.3,-3.0,-0.8,325,33,7,12,-2.3,574,375,201,22,3576,94,1019,360,39.87,-36,324,25,404,91,11,1660,19,5236,852,5.1
2018,MIA,-3.6,-5.2,-8.8,-1.7,252,24,10,13,-7.1,455,292,153,26,2900,108,878,433,-40.39,-114,319,26,371,75,7,1738,23,4638,978,5.3
2018,OTI,-3.2,3.5,0.2,-0.2,289,27,6,12,0.4,437,293,156,16,2975,82,940,303,10.48,7,310,27,456,106,15,2027,18,5002,727,5.3
2018,RAI,-5.2,-4.1,-9.3,1.8,300,17,14,10,-11.1,556,382,197,19,3751,110,995,467,-17.92,-177,290,28,387,86,9,1628,24,5379,965,5.4
2018,WAS,-5.6,0.6,-4.9,-0.1,280,28,4,15,-4.9,509,311,156,16,3021,115,967,359,-34.07,-78,281,29,414,96,12,1774,19,4795,1008,5.0
2018,BUF,-6.3,-0.6,-6.9,-0.3,283,38,9,23,-6.6,499,271,137,13,2794,116,1008,374,-104.81,-105,269,30,468,108,15,1984,32,4778,992,4.7
2018,JAX,-8.1,4.0,-4.0,0.4,277,21,16,13,-4.4,536,329,164,15,3109,121,1005,316,-98.17,-71,245,31,416,92,7,1723,29,4832,1112,4.8
2018,CRD,-9.6,-1.9,-11.5,1.0,239,26,10,18,-12.5,495,283,137,15,2523,101,902,425,-155.06,-200,225,32,355,76,9,1342,28,3865,786,4.3
2019,RAV,11.0,4.7,15.6,0.1,386,27,7,8,15.6,440,289,171,37,3225,109,1064,282,239.99,249,531,1,596,188,21,3296,15,6521,867,6.1
2019,SFO,6.7,4.3,11.0,0.4,336,31,10,13,10.6,478,331,195,28,3792,105,1012,310,140.39,169,479,2,498,110,23,2305,23,6097,939,6.0
2019,TAM,4.9,-4.5,0.4,-0.2,353,28,11,30,0.6,630,382,244,33,4845,133,1086,449,37.0,9,458,3,409,81,15,1521,41,6366,1111,5.9
2019,NOR,5.0,2.3,7.4,0.0,347,20,2,6,7.3,581,418,230,36,4244,120,1011,341,163.04,117,458,4,405,97,12,1738,8,5982,1036,5.9
2019,KAN,6.2,2.9,9.1,0.2,350,46,10,5,8.9,576,378,211,30,4498,107,976,308,263.38,143,451,5,375,93,16,1569,15,6067,1029,6.2
2019,DAL,3.8,1.5,5.3,-1.8,379,30,7,11,7.1,597,388,229,30,4751,109,1069,321,210.77,113,434,6,449,120,18,2153,18,6904,1008,6.5
2019,NWE,2.8,7.6,10.4,-1.8,338,31,6,9,12.2,620,378,197,25,3961,94,1095,225,34.62,195,420,7,447,110,17,1703,15,5664,828,5.2
2019,MIN,2.5,2.9,5.4,-1.1,314,37,12,8,6.5,466,319,171,26,3523,96,970,303,98.01,104,407,8,476,106,19,2133,20,5656,895,5.8
2019,SEA,2.9,-0.2,2.7,2.3,341,30,14,6,0.4,517,341,190,31,3791,109,1046,398,86.55,7,405,9,481,121,15,2200,20,5991,882,5.7
2019,OTI,1.8,1.7,3.4,-1.0,317,36,9,8,4.4,448,297,177,29,3582,99,949,331,115.88,71,402,10,445,104,21,2223,17,5805,932,6.1
2019,RAM,2.2,1.7,3.9,2.0,342,28,7,17,1.9,632,397,222,22,4499,118,1055,364,37.09,30,394,11,401,92,20,1499,24,5998,899,5.7
2019,PHI,0.7,-0.4,0.3,-1.7,354,35,15,8,1.9,613,391,215,27,3833,100,1104,354,59.85,31,385,12,454,104,16,1939,23,5772,836,5.2
2019,ATL,0.3,-0.4,-0.1,1.1,383,41,10,15,-1.1,684,459,258,29,4714,119,1096,399,95.51,-18,381,13,362,84,10,1361,25,6075,956,5.5
2019,HTX,1.0,-0.5,0.5,1.0,346,31,8,14,-0.4,534,355,203,27,3783,111,1017,385,118.67,-7,378,14,434,112,17,2009,22,5792,892,5.7
2019,GNB,0.6,2.6,3.2,-0.7,320,40,9,4,3.9,573,356,190,26,3733,100,1020,313,113.4,63,376,15,411,90,18,1795,13,5528,774,5.4
2019,CRD,-0.3,-2.9,-3.2,1.8,314,29,6,12,-5.1,554,355,176,20,3477,121,1000,442,64.36,-81,361,16,396,109,18,1990,18,5467,956,5.5
2019,CLT,-1.0,-0.8,-1.8,-1.1,340,44,11,10,-0.8,513,307,165,22,3108,79,1016,373,74.8,-12,361,17,471,131,17,2130,21,5238,670,5.2
2019,DET,-1.2,-4.0,-5.2,-0.1,313,35,8,15,-5.1,571,344,196,28,3900,113,1021,423,31.07,-82,341,18,407,82,7,1649,23,5549,937,5.4
2019,NYG,-1.8,-6.1,-7.9,-1.0,311,35,16,17,-6.9,607,376,187,30,3731,90,1012,451,-10.3,-110,341,19,362,89,11,1685,33,5416,784,5.4
2019,CAR,-1.9,-5.1,-7.0,1.1,335,23,14,21,-8.1,633,382,230,17,3650,87,1077,470,-28.07,-130,340,20,386,82,20,1819,35,5469,754,5.1
2019,SDG,-1.6,0.3,-1.3,-0.8,349,39,11,20,-0.5,597,394,220,24,4426,103,997,345,82.43,-8,337,21,366,90,12,1453,31,5879,872,5.9
2019,CLE,-0.4,-1.5,-1.9,1.7,305,35,7,21,-3.6,539,318,180,22,3554,122,973,393,13.54,-58,335,22,393,90,15,1901,28,5455,1106,5.6
2019,BUF,-3.5,5.7,2.2,-1.3,314,32,7,12,3.4,513,299,162,21,3229,117,1018,259,6.66,55,314,23,465,120,13,2054,19,5283,927,5.2
2019,RAI,-2.5,-4.4,-6.9,-0.3,315,17,9,8,-6.6,523,367,194,22,3926,128,989,419,79.57,-106,313,24,437,104,13,1893,17,5819,1138,5.9
2019,MIA,-2.4,-9.1,-11.6,0.2,315,41,8,18,-11.8,615,371,210,22,3804,92,1022,494,-28.85,-188,306,25,349,64,10,1156,26,4960,769,4.9
2019,JAX,-4.6,-2.1,-6.7,-0.6,298,30,12,8,-6.1,589,364,183,24,3760,132,1020,397,-23.15,-97,300,26,389,85,3,1708,20,5468,1165,5.4
2019,PIT,-4.3,4.6,0.3,1.2,265,43,11,19,-0.9,510,315,147,18,2981,111,937,303,-85.56,-14,289,27,395,75,7,1447,30,4428,893,4.7
2019,DEN,-4.8,2.7,-2.1,0.0,279,40,6,10,-2.1,504,312,162,16,3115,110,954,316,-14.61,-34,282,28,409,77,11,1662,16,4777,912,5.0
2019,CHI,-5.4,4.5,-0.9,0.2,297,34,7,12,-1.1,580,371,178,20,3291,103,1020,298,-41.05,-18,280,29,395,85,8,1458,19,4749,838,4.7
2019,CIN,-4.4,-2.9,-7.3,1.5,312,36,14,16,-8.8,616,356,191,18,3652,93,1049,420,-60.73,-141,279,30,385,85,9,1517,30,5169,761,4.9
2019,NYJ,-5.7,-0.6,-6.3,-1.1,253,30,9,16,-5.2,521,323,162,19,3111,115,956,359,-112.92,-83,276,31,383,61,6,1257,25,4368,1105,4.6
2019,WAS,-6.3,-4.5,-10.8,-0.2,248,20,8,13,-10.6,479,298,154,18,2812,106,885,435,-88.3,-169,266,32,356,74,9,1583,21,4395,835,5.0
